Time [s],Packet,Type,ID,DLC,Data,CRC,ACK
0.0009129000,0,Data,0x100,0x8,0x00 0x00 0x00 0x40 0x23 0x4F 0x64 0x32,0x4018,ACK
0.0209129000,1,Data,0x100,0x8,0x00 0x00 0x00 0x40 0x23 0x4F 0x64 0x32,0x4018,ACK
0.0409129000,2,Data,0x100,0x8,0x00 0x00 0x00 0x40 0x23 0x4F 0x64 0x32,0x4018,ACK
0.0577088000,3,Data,0x212,0x8,0x52 0x01 0x00 0xC9 0x00 0x00 0x00 0x29,0x277C,ACK
0.0579910000,4,Data,0x211,0x8,0xE4 0x00 0x29 0x00 0x00 0x00 0x00 0x00,0x2F39,ACK
0.0582533000,5,Data,0x343,0x8,0x00 0x00 0x00 0x00 0x00 0x00 0x00 0x00,0x33F5,ACK
0.0585095000,6,Data,0x341,0x8,0x00 0x00 0x00 0x00 0x02 0x00 0x00 0x00,0x1833,ACK
0.0588098000,7,Data,0x342,0x8,0x23 0x00 0x64 0x00 0x00 0xC4 0x16 0x34,0x5886,ACK
0.0590700000,8,Data,0x344,0x8,0x00 0x00 0x00 0x03 0x00 0x00 0x00 0x00,0x6F15,ACK
0.0609101000,9,Data,0x100,0x8,0x00 0x00 0x00 0x40 0x23 0x4F 0x64 0x32,0x4018,ACK
0.0616943000,10,Data,0x311,0x8,0x39 0x1E 0x07 0x3F 0x90 0x01 0x00 0x00,0x66BC,ACK
0.0809301000,11,Data,0x100,0x8,0x00 0x00 0x00 0x40 0x23 0x4F 0x64 0x32,0x4018,ACK
0.0811764000,12,Data,0x203,0x8,0x03 0x00 0x58 0x00 0x58 0x00 0x00 0x00,0x4AB9,ACK
0.0814246000,13,Data,0x204,0x8,0x00 0x00 0x00 0x00 0x00 0x00 0x00 0x00,0x79D1,ACK
0.0816808000,14,Data,0x205,0x8,0x00 0x00 0x00 0x00 0x00 0x00 0x00 0x00,0x72CA,ACK
0.0819751000,15,Data,0x209,0x8,0x9F 0x27 0x10 0x04 0x90 0x49 0x00 0x00,0x59C2,ACK
0.0822153000,16,Data,0x20A,0x8,0x00 0x00 0x00 0x00 0x00 0x00 0x00 0x00,0x1B53,ACK
0.0824696000,17,Data,0x20B,0x8,0xBC 0x02 0x64 0x00 0x01 0xC8 0x00 0x00,0x021C,ACK
0.0827138000,18,Data,0x20C,0x8,0x00 0xC4 0x2C 0x34 0x1E 0x07 0x00 0x00,0x3E70,ACK
0.1009118000,19,Data,0x100,0x8,0x00 0x00 0x00 0x40 0x23 0x4F 0x64 0x32,0x4018,ACK
0.1199441000,20,Data,0x310,0x8,0xF1 0x0E 0x78 0x05 0x1A 0x02 0x01 0xC8,0x14DD,ACK
0.1209102000,21,Data,0x100,0x8,0x00 0x00 0x00 0x40 0x23 0x4F 0x64 0x32,0x4018,ACK
0.1295444000,22,Data,0x425,0x8,0x01 0x64 0x48 0x58 0x58 0x58 0x01 0xFF,0x1AD8,ACK
0.1304566000,23,Data,0x422,0x8,0x00 0x00 0x20 0x00 0x15 0x00 0x02 0x00,0x33F1,ACK
0.1321849000,24,Data,0x421,0x8,0x38 0x36 0x31 0x34 0xFB 0x04 0x62 0x04,0x00AE,ACK
0.1339331000,25,Data,0x429,0x8,0x20 0x00 0x00 0x00 0x00 0x00 0x00 0x00,0x7AC7,ACK
0.1341814000,26,Data,0x420,0x8,0xA9 0x14 0x00 0x00 0x70 0x03 0x00 0x00,0x3CD8,ACK
0.1371296000,27,Data,0x423,0x8,0xBC 0x02 0x64 0x00 0x3C 0x00 0x01 0x00,0x500B,ACK
0.1409117000,28,Data,0x100,0x8,0x00 0x00 0x00 0x40 0x23 0x4F 0x64 0x32,0x4018,ACK
0.1577215000,29,Data,0x212,0x8,0x52 0x01 0x00 0xC9 0x00 0x00 0x00 0x29,0x277C,ACK
0.1579837000,30,Data,0x211,0x8,0xE4 0x00 0x29 0x00 0x00 0x00 0x00 0x00,0x2F39,ACK
0.1582440000,31,Data,0x343,0x8,0x00 0x00 0x00 0x00 0x00 0x00 0x00 0x00,0x33F5,ACK
0.1585222000,32,Data,0x401,0x8,0x00 0x00 0x34 0x00 0x05 0x2A 0x00 0x00,0x4E01,ACK
0.1609103000,33,Data,0x100,0x8,0x00 0x00 0x00 0x40 0x23 0x4F 0x64 0x32,0x4018,ACK
0.1809362000,34,Data,0x100,0x8,0x00 0x00 0x00 0x40 0x23 0x4F 0x64 0x32,0x4018,ACK
0.1811805000,35,Data,0x203,0x8,0x03 0x00 0x58 0x00 0x58 0x00 0x00 0x00,0x4AB9,ACK
0.1814287000,36,Data,0x204,0x8,0x00 0x00 0x00 0x00 0x00 0x00 0x00 0x00,0x79D1,ACK
0.1816850000,37,Data,0x205,0x8,0x00 0x00 0x00 0x00 0x00 0x00 0x00 0x00,0x72CA,ACK
0.1819852000,38,Data,0x209,0x8,0x9F 0x27 0x10 0x04 0x90 0x49 0x00 0x00,0x59C2,ACK
0.1822275000,39,Data,0x20A,0x8,0x00 0x00 0x00 0x00 0x00 0x00 0x00 0x00,0x1B53,ACK
0.1824817000,40,Data,0x20B,0x8,0xBC 0x02 0x64 0x00 0x01 0xC8 0x00 0x00,0x021C,ACK
0.1827260000,41,Data,0x20C,0x8,0x00 0xC4 0x2C 0x34 0x1E 0x07 0x00 0x00,0x3E70,ACK
0.1829742000,42,Data,0x301,0x8,0x80 0x00 0x03 0x00 0x00 0x00 0x00 0x00,0x498E,ACK
0.1832284000,43,Data,0x302,0x2,0x00 0xFF,0x6FC0,ACK
0.1833747000,44,Data,0x485,0x8,0x22 0x00 0x00 0x00 0x0C 0x02 0x48 0x0C,0x1FCE,ACK
0.2009087000,45,Data,0x100,0x8,0x00 0x00 0x00 0x40 0x23 0x4F 0x64 0x32,0x4018,ACK
0.2209087000,46,Data,0x100,0x8,0x00 0x00 0x00 0x40 0x23 0x4F 0x64 0x32,0x4018,ACK
0.2409085000,47,Data,0x100,0x8,0x00 0x00 0x00 0x40 0x23 0x4F 0x64 0x32,0x4018,ACK
0.2576964000,48,Data,0x212,0x8,0x52 0x01 0x00 0xC9 0x00 0x00 0x00 0x29,0x277C,ACK
0.2579606000,49,Data,0x211,0x8,0xE4 0x00 0x29 0x00 0x00 0x00 0x00 0x00,0x2F39,ACK
0.2582189000,50,Data,0x343,0x8,0x00 0x00 0x00 0x00 0x00 0x00 0x00 0x00,0x33F5,ACK
0.2584991000,51,Data,0x341,0x8,0x00 0x00 0x00 0x00 0x02 0x00 0x00 0x00,0x1833,ACK
0.2587774000,52,Data,0x342,0x8,0x23 0x00 0x64 0x00 0x00 0xC4 0x16 0x34,0x5886,ACK
0.2590376000,53,Data,0x344,0x8,0x00 0x00 0x00 0x03 0x00 0x00 0x00 0x00,0x6F15,ACK
0.2609078000,54,Data,0x100,0x8,0x00 0x00 0x00 0x40 0x23 0x4F 0x64 0x32,0x4018,ACK
0.2630660000,55,Data,0x311,0x8,0x39 0x1E 0x07 0x3F 0x90 0x01 0x00 0x00,0x66BC,ACK
0.2809260000,56,Data,0x100,0x8,0x00 0x00 0x00 0x40 0x23 0x4F 0x64 0x32,0x4018,ACK
0.2811722000,57,Data,0x203,0x8,0x03 0x00 0x58 0x00 0x58 0x00 0x00 0x00,0x4AB9,ACK
0.2814205000,58,Data,0x204,0x8,0x00 0x00 0x00 0x00 0x00 0x00 0x00 0x00,0x79D1,ACK
0.2816767000,59,Data,0x205,0x8,0x00 0x00 0x00 0x00 0x00 0x00 0x00 0x00,0x72CA,ACK
0.2819850000,60,Data,0x209,0x8,0x9F 0x27 0x10 0x04 0x90 0x49 0x00 0x00,0x59C2,ACK
0.2822252000,61,Data,0x20A,0x8,0x00 0x00 0x00 0x00 0x00 0x00 0x00 0x00,0x1B53,ACK
0.2824795000,62,Data,0x20B,0x8,0xBC 0x02 0x64 0x00 0x01 0xC8 0x00 0x00,0x021C,ACK
0.2827237000,63,Data,0x20C,0x8,0x00 0xC4 0x2C 0x34 0x1E 0x07 0x00 0x00,0x3E70,ACK
0.3009077000,64,Data,0x100,0x8,0x00 0x00 0x00 0x40 0x23 0x4F 0x64 0x32,0x4018,ACK
0.3203079000,65,Data,0x310,0x8,0xF1 0x0E 0x78 0x05 0x1A 0x02 0x01 0xC8,0x14DD,ACK
0.3209059000,66,Data,0x100,0x8,0x00 0x00 0x00 0x40 0x23 0x4F 0x64 0x32,0x4018,ACK
0.3409078000,67,Data,0x100,0x8,0x00 0x00 0x00 0x40 0x23 0x4F 0x64 0x32,0x4018,ACK
0.3576917000,68,Data,0x212,0x8,0x52 0x01 0x00 0xC9 0x00 0x00 0x00 0x29,0x277C,ACK
0.3579520000,69,Data,0x211,0x8,0xE4 0x00 0x29 0x00 0x00 0x00 0x00 0x00,0x2F39,ACK
0.3582362000,70,Data,0x343,0x8,0x00 0x00 0x00 0x00 0x00 0x00 0x00 0x00,0x33F5,ACK
0.3608943000,71,Data,0x100,0x8,0x00 0x00 0x00 0x40 0x23 0x4F 0x64 0x32,0x4018,ACK
0.3809462000,72,Data,0x100,0x8,0x00 0x00 0x00 0x40 0x23 0x4F 0x64 0x32,0x4018,ACK
0.3811905000,73,Data,0x203,0x8,0x03 0x00 0x58 0x00 0x58 0x00 0x00 0x00,0x4AB9,ACK
0.3814367000,74,Data,0x204,0x8,0x00 0x00 0x00 0x00 0x00 0x00 0x00 0x00,0x79D1,ACK
0.3816930000,75,Data,0x205,0x8,0x00 0x00 0x00 0x00 0x00 0x00 0x00 0x00,0x72CA,ACK
0.3819832000,76,Data,0x209,0x8,0x9F 0x27 0x10 0x04 0x90 0x49 0x00 0x00,0x59C2,ACK
0.3822235000,77,Data,0x20A,0x8,0x00 0x00 0x00 0x00 0x00 0x00 0x00 0x00,0x1B53,ACK
0.3824777000,78,Data,0x20B,0x8,0xBC 0x02 0x64 0x00 0x01 0xC8 0x00 0x00,0x021C,ACK
0.3827220000,79,Data,0x20C,0x8,0x00 0xC4 0x2C 0x34 0x1E 0x07 0x00 0x00,0x3E70,ACK
0.3829702000,80,Data,0x301,0x8,0x80 0x00 0x03 0x00 0x00 0x00 0x00 0x00,0x498E,ACK
0.3832225000,81,Data,0x302,0x2,0x00 0xFF,0x6FC0,ACK
0.3833667000,82,Data,0x485,0x8,0x22 0x00 0x00 0x00 0x0C 0x02 0x48 0x0C,0x1FCE,ACK
0.3836109000,83,Data,0x480,0x8,0x00 0x00 0x00 0x00 0x20 0x00 0x00 0x00,0x2C46,ACK
0.3838672000,84,Data,0x481,0x8,0x50 0x0A 0x40 0x08 0x00 0x00 0x00 0x00,0x46C7,ACK
0.3841174000,85,Data,0x482,0x8,0x52 0x01 0x02 0x00 0x00 0x00 0x00 0x00,0x36EA,ACK
0.3843657000,86,Data,0x483,0x8,0x31 0x4B 0x31 0x55 0x41 0x32 0x35 0x35,0x717E,ACK
0.3845999000,87,Data,0x484,0x8,0x31 0x50 0x33 0x39 0x36 0x35 0x00 0x00,0x0196,ACK
0.4009060000,88,Data,0x100,0x8,0x00 0x00 0x00 0x40 0x23 0x4F 0x64 0x32,0x4018,ACK
0.4209059000,89,Data,0x100,0x8,0x00 0x00 0x00 0x40 0x23 0x4F 0x64 0x32,0x4018,ACK
0.4409059000,90,Data,0x100,0x8,0x00 0x00 0x00 0x40 0x23 0x4F 0x64 0x32,0x4018,ACK
0.4577058000,91,Data,0x212,0x8,0x52 0x01 0x00 0xC9 0x00 0x00 0x00 0x29,0x277C,ACK
0.4579680000,92,Data,0x211,0x8,0xE4 0x00 0x29 0x00 0x00 0x00 0x00 0x00,0x2F39,ACK
0.4582283000,93,Data,0x343,0x8,0x00 0x00 0x00 0x00 0x00 0x00 0x00 0x00,0x33F5,ACK
0.4584865000,94,Data,0x341,0x8,0x00 0x00 0x00 0x00 0x02 0x00 0x00 0x00,0x1833,ACK
0.4587808000,95,Data,0x342,0x8,0x23 0x00 0x64 0x00 0x00 0xC4 0x16 0x34,0x5886,ACK
0.4590430000,96,Data,0x344,0x8,0x00 0x00 0x00 0x03 0x00 0x00 0x00 0x00,0x6F15,ACK
0.4609051000,97,Data,0x100,0x8,0x00 0x00 0x00 0x40 0x23 0x4F 0x64 0x32,0x4018,ACK
0.4637413000,98,Data,0x311,0x8,0x39 0x1E 0x07 0x3F 0x90 0x01 0x00 0x00,0x66BC,ACK
0.4809251000,99,Data,0x100,0x8,0x00 0x00 0x00 0x40 0x23 0x4F 0x64 0x32,0x4018,ACK
0.4811694000,100,Data,0x203,0x8,0x03 0x00 0x58 0x00 0x58 0x00 0x00 0x00,0x4AB9,ACK
0.4814156000,101,Data,0x204,0x8,0x00 0x00 0x00 0x00 0x00 0x00 0x00 0x00,0x79D1,ACK
0.4816719000,102,Data,0x205,0x8,0x00 0x00 0x00 0x00 0x00 0x00 0x00 0x00,0x72CA,ACK
0.4819821000,103,Data,0x209,0x8,0x9F 0x27 0x10 0x04 0x90 0x49 0x00 0x00,0x59C2,ACK
0.4822223000,104,Data,0x20A,0x8,0x00 0x00 0x00 0x00 0x00 0x00 0x00 0x00,0x1B53,ACK
0.4824766000,105,Data,0x20B,0x8,0xBC 0x02 0x64 0x00 0x01 0xC8 0x00 0x00,0x021C,ACK
0.4827228000,106,Data,0x20C,0x8,0x00 0xC4 0x2C 0x34 0x1E 0x07 0x00 0x00,0x3E70,ACK
0.5009048000,107,Data,0x100,0x8,0x00 0x00 0x00 0x40 0x23 0x4F 0x64 0x32,0x4018,ACK
0.5203011000,108,Data,0x310,0x8,0xF1 0x0E 0x78 0x05 0x1A 0x02 0x01 0xC8,0x14DD,ACK
0.5209052000,109,Data,0x100,0x8,0x00 0x00 0x00 0x40 0x23 0x4F 0x64 0x32,0x4018,ACK
0.5409050000,110,Data,0x100,0x8,0x00 0x00 0x00 0x40 0x23 0x4F 0x64 0x32,0x4018,ACK
0.5576930000,111,Data,0x212,0x8,0x52 0x01 0x00 0xC9 0x00 0x00 0x00 0x29,0x277C,ACK
0.5579552000,112,Data,0x211,0x8,0xE4 0x00 0x29 0x00 0x00 0x00 0x00 0x00,0x2F39,ACK
0.5582115000,113,Data,0x343,0x8,0x00 0x00 0x00 0x00 0x00 0x00 0x00 0x00,0x33F5,ACK
0.5609035000,114,Data,0x100,0x8,0x00 0x00 0x00 0x40 0x23 0x4F 0x64 0x32,0x4018,ACK
0.5809315000,115,Data,0x100,0x8,0x00 0x00 0x00 0x40 0x23 0x4F 0x64 0x32,0x4018,ACK
0.5811757000,116,Data,0x203,0x8,0x03 0x00 0x58 0x00 0x58 0x00 0x00 0x00,0x4AB9,ACK
0.5814220000,117,Data,0x204,0x8,0x00 0x00 0x00 0x00 0x00 0x00 0x00 0x00,0x79D1,ACK
0.5816782000,118,Data,0x205,0x8,0x00 0x00 0x00 0x00 0x00 0x00 0x00 0x00,0x72CA,ACK
0.5819805000,119,Data,0x209,0x8,0x9F 0x27 0x10 0x04 0x90 0x49 0x00 0x00,0x59C2,ACK
0.5822207000,120,Data,0x20A,0x8,0x00 0x00 0x00 0x00 0x00 0x00 0x00 0x00,0x1B53,ACK
0.5824750000,121,Data,0x20B,0x8,0xBC 0x02 0x64 0x00 0x01 0xC8 0x00 0x00,0x021C,ACK
0.5827212000,122,Data,0x20C,0x8,0x00 0xC4 0x2C 0x34 0x1E 0x07 0x00 0x00,0x3E70,ACK
0.5829715000,123,Data,0x301,0x8,0x80 0x00 0x03 0x00 0x00 0x00 0x00 0x00,0x498E,ACK
0.5832237000,124,Data,0x302,0x2,0x00 0xFF,0x6FC0,ACK
0.5833680000,125,Data,0x485,0x8,0x22 0x00 0x00 0x00 0x0C 0x02 0x48 0x0C,0x1FCE,ACK
0.6009040000,126,Data,0x100,0x8,0x00 0x00 0x00 0x40 0x23 0x4F 0x64 0x32,0x4018,ACK
0.6209039000,127,Data,0x100,0x8,0x00 0x00 0x00 0x40 0x23 0x4F 0x64 0x32,0x4018,ACK
0.6323622000,128,Data,0x424,0x8,0x6B 0x31 0x4D 0x69 0x00 0x00 0x00 0x00,0x5A59,ACK
0.6325985000,129,Data,0x425,0x8,0x01 0x64 0x48 0x58 0x58 0x58 0x01 0xFF,0x1AD8,ACK
0.6331407000,130,Data,0x421,0x8,0x38 0x36 0x31 0x34 0xFB 0x04 0x62 0x04,0x00AE,ACK
0.6335550000,131,Data,0x422,0x8,0x00 0x00 0x20 0x00 0x15 0x00 0x02 0x00,0x33F1,ACK
0.6338012000,132,Data,0x500,0x8,0x47 0x48 0x48 0xFF 0x48 0x48 0x48 0xFF,0x281A,ACK
0.6350055000,133,Data,0x429,0x8,0x20 0x00 0x00 0x00 0x00 0x00 0x00 0x00,0x7AC7,ACK
0.6352537000,134,Data,0x420,0x8,0xA9 0x14 0xFA 0xFF 0x70 0x03 0x00 0x00,0x5533,ACK
0.6381520000,135,Data,0x423,0x8,0xBC 0x02 0x64 0x00 0x3C 0x00 0x01 0x00,0x500B,ACK
0.6409040000,136,Data,0x100,0x8,0x00 0x00 0x00 0x40 0x23 0x4F 0x64 0x32,0x4018,ACK
0.6577259000,137,Data,0x212,0x8,0x52 0x01 0x00 0xC9 0x00 0x00 0x00 0x29,0x277C,ACK
0.6579881000,138,Data,0x211,0x8,0xE4 0x00 0x29 0x00 0x00 0x00 0x00 0x00,0x2F39,ACK
0.6582444000,139,Data,0x343,0x8,0x00 0x00 0x00 0x00 0x00 0x00 0x00 0x00,0x33F5,ACK
0.6585046000,140,Data,0x341,0x8,0x00 0x00 0x00 0x00 0x02 0x00 0x00 0x00,0x1833,ACK
0.6588009000,141,Data,0x342,0x8,0x23 0x00 0x64 0x00 0x00 0xC4 0x16 0x34,0x5886,ACK
0.6590391000,142,Data,0x344,0x8,0x00 0x00 0x00 0x03 0x00 0x00 0x00 0x00,0x6F15,ACK
0.6592994000,143,Data,0x401,0x8,0x00 0x00 0x34 0x00 0x05 0x2A 0x00 0x00,0x4E01,ACK
0.6609035000,144,Data,0x100,0x8,0x00 0x00 0x00 0x40 0x23 0x4F 0x64 0x32,0x4018,ACK
0.6809215000,145,Data,0x100,0x8,0x00 0x00 0x00 0x40 0x23 0x4F 0x64 0x32,0x4018,ACK
0.6811677000,146,Data,0x203,0x8,0x03 0x00 0x58 0x00 0x58 0x00 0x00 0x00,0x4AB9,ACK
0.6814159000,147,Data,0x204,0x8,0x00 0x00 0x00 0x00 0x00 0x00 0x00 0x00,0x79D1,ACK
0.6816721000,148,Data,0x205,0x8,0x00 0x00 0x00 0x00 0x00 0x00 0x00 0x00,0x72CA,ACK
0.6819804000,149,Data,0x209,0x8,0x9F 0x27 0x10 0x04 0x90 0x49 0x00 0x00,0x59C2,ACK
0.6822206000,150,Data,0x20A,0x8,0x00 0x00 0x00 0x00 0x00 0x00 0x00 0x00,0x1B53,ACK
0.6824768000,151,Data,0x20B,0x8,0xBC 0x02 0x64 0x00 0x01 0xC8 0x00 0x00,0x021C,ACK
0.6827211000,152,Data,0x20C,0x8,0x00 0xC4 0x2C 0x34 0x1E 0x07 0x00 0x00,0x3E70,ACK
0.7009031000,153,Data,0x100,0x8,0x00 0x00 0x00 0x40 0x23 0x4F 0x64 0x32,0x4018,ACK
0.7162653000,154,Data,0x311,0x8,0x39 0x1E 0x07 0x3F 0x90 0x01 0x00 0x00,0x66BC,ACK
0.7209014000,155,Data,0x100,0x8,0x00 0x00 0x00 0x40 0x23 0x4F 0x64 0x32,0x4018,ACK
0.7221716000,156,Data,0x310,0x8,0xF1 0x0E 0x78 0x05 0x1A 0x02 0x01 0xC8,0x14DD,ACK
0.7409014000,157,Data,0x100,0x8,0x00 0x00 0x00 0x40 0x23 0x4F 0x64 0x32,0x4018,ACK
0.7576713000,158,Data,0x212,0x8,0x52 0x01 0x00 0xC9 0x00 0x00 0x00 0x29,0x277C,ACK
0.7579535000,159,Data,0x211,0x8,0xE4 0x00 0x29 0x00 0x00 0x00 0x00 0x00,0x2F39,ACK
0.7582137000,160,Data,0x343,0x8,0x00 0x00 0x00 0x00 0x00 0x00 0x00 0x00,0x33F5,ACK
0.7609018000,161,Data,0x100,0x8,0x00 0x00 0x00 0x40 0x23 0x4F 0x64 0x32,0x4018,ACK
0.7809277000,162,Data,0x100,0x8,0x00 0x00 0x00 0x40 0x23 0x4F 0x64 0x32,0x4018,ACK
0.7811720000,163,Data,0x203,0x8,0x03 0x00 0x58 0x00 0x58 0x00 0x00 0x00,0x4AB9,ACK
0.7814182000,164,Data,0x204,0x8,0x00 0x00 0x00 0x00 0x00 0x00 0x00 0x00,0x79D1,ACK
0.7816745000,165,Data,0x205,0x8,0x00 0x00 0x00 0x00 0x00 0x00 0x00 0x00,0x72CA,ACK
0.7819767000,166,Data,0x209,0x8,0x9F 0x27 0x10 0x04 0x90 0x49 0x00 0x00,0x59C2,ACK
0.7822170000,167,Data,0x20A,0x8,0x00 0x00 0x00 0x00 0x00 0x00 0x00 0x00,0x1B53,ACK
0.7824712000,168,Data,0x20B,0x8,0xBC 0x02 0x64 0x00 0x01 0xC8 0x00 0x00,0x021C,ACK
0.7827175000,169,Data,0x20C,0x8,0x00 0xC4 0x2C 0x34 0x1E 0x07 0x00 0x00,0x3E70,ACK
0.7829677000,170,Data,0x301,0x8,0x80 0x00 0x03 0x00 0x00 0x00 0x00 0x00,0x498E,ACK
0.7832200000,171,Data,0x302,0x2,0x00 0xFF,0x6FC0,ACK
0.7833642000,172,Data,0x485,0x8,0x22 0x00 0x00 0x00 0x0C 0x02 0x48 0x0C,0x1FCE,ACK
0.8009002000,173,Data,0x100,0x8,0x00 0x00 0x00 0x40 0x23 0x4F 0x64 0x32,0x4018,ACK
0.8209002000,174,Data,0x100,0x8,0x00 0x00 0x00 0x40 0x23 0x4F 0x64 0x32,0x4018,ACK
0.8409002000,175,Data,0x100,0x8,0x00 0x00 0x00 0x40 0x23 0x4F 0x64 0x32,0x4018,ACK
0.8576880000,176,Data,0x212,0x8,0x52 0x01 0x00 0xC9 0x00 0x00 0x00 0x29,0x277C,ACK
0.8579283000,177,Data,0x211,0x8,0xE4 0x00 0x29 0x00 0x00 0x00 0x00 0x00,0x2F39,ACK
0.8581885000,178,Data,0x343,0x8,0x00 0x00 0x00 0x00 0x00 0x00 0x00 0x00,0x33F5,ACK
0.8584468000,179,Data,0x341,0x8,0x00 0x00 0x00 0x00 0x02 0x00 0x00 0x00,0x1833,ACK
0.8587450000,180,Data,0x342,0x8,0x23 0x00 0x64 0x00 0x00 0xC4 0x16 0x34,0x5886,ACK
0.8590012000,181,Data,0x344,0x8,0x00 0x00 0x00 0x03 0x00 0x00 0x00 0x00,0x6F15,ACK
0.8608994000,182,Data,0x100,0x8,0x00 0x00 0x00 0x40 0x23 0x4F 0x64 0x32,0x4018,ACK
0.8809194000,183,Data,0x100,0x8,0x00 0x00 0x00 0x40 0x23 0x4F 0x64 0x32,0x4018,ACK
0.8811655000,184,Data,0x203,0x8,0x03 0x00 0x58 0x00 0x58 0x00 0x00 0x00,0x4AB9,ACK
0.8814136000,185,Data,0x204,0x8,0x00 0x00 0x00 0x00 0x00 0x00 0x00 0x00,0x79D1,ACK
0.8816697000,186,Data,0x205,0x8,0x00 0x00 0x00 0x00 0x00 0x00 0x00 0x00,0x72CA,ACK
0.8819639000,187,Data,0x209,0x8,0x9F 0x27 0x10 0x04 0x90 0x49 0x00 0x00,0x59C2,ACK
0.8822040000,188,Data,0x20A,0x8,0x00 0x00 0x00 0x00 0x00 0x00 0x00 0x00,0x1B53,ACK
0.8824581000,189,Data,0x20B,0x8,0xBC 0x02 0x64 0x00 0x01 0xC8 0x00 0x00,0x021C,ACK
0.8827022000,190,Data,0x20C,0x8,0x00 0xC4 0x2C 0x34 0x1E 0x07 0x00 0x00,0x3E70,ACK
0.9008981000,191,Data,0x100,0x8,0x00 0x00 0x00 0x40 0x23 0x4F 0x64 0x32,0x4018,ACK
0.9165423000,192,Data,0x311,0x8,0x39 0x1E 0x07 0x3F 0x90 0x01 0x00 0x00,0x66BC,ACK
0.9208985000,193,Data,0x100,0x8,0x00 0x00 0x00 0x40 0x23 0x4F 0x64 0x32,0x4018,ACK
0.9220066000,194,Data,0x310,0x8,0xF1 0x0E 0x78 0x05 0x1A 0x02 0x01 0xC8,0x14DD,ACK
0.9408984000,195,Data,0x100,0x8,0x00 0x00 0x00 0x40 0x23 0x4F 0x64 0x32,0x4018,ACK
0.9577183000,196,Data,0x212,0x8,0x52 0x01 0x00 0xC9 0x00 0x00 0x00 0x29,0x277C,ACK
0.9579805000,197,Data,0x211,0x8,0xE4 0x00 0x29 0x00 0x00 0x00 0x00 0x00,0x2F39,ACK
0.9582367000,198,Data,0x343,0x8,0x00 0x00 0x00 0x00 0x00 0x00 0x00 0x00,0x33F5,ACK
0.9608968000,199,Data,0x100,0x8,0x00 0x00 0x00 0x40 0x23 0x4F 0x64 0x32,0x4018,ACK
0.9809248000,200,Data,0x100,0x8,0x00 0x00 0x00 0x40 0x23 0x4F 0x64 0x32,0x4018,ACK
0.9811690000,201,Data,0x203,0x8,0x03 0x00 0x58 0x00 0x58 0x00 0x00 0x00,0x4AB9,ACK
0.9814172000,202,Data,0x204,0x8,0x00 0x00 0x00 0x00 0x00 0x00 0x00 0x00,0x79D1,ACK
0.9816735000,203,Data,0x205,0x8,0x00 0x00 0x00 0x00 0x00 0x00 0x00 0x00,0x72CA,ACK
0.9819757000,204,Data,0x209,0x8,0x9F 0x27 0x10 0x04 0x90 0x49 0x00 0x00,0x59C2,ACK
0.9822160000,205,Data,0x20A,0x8,0x00 0x00 0x00 0x00 0x00 0x00 0x00 0x00,0x1B53,ACK
0.9824702000,206,Data,0x20B,0x8,0xBC 0x02 0x64 0x00 0x01 0xC8 0x00 0x00,0x021C,ACK
0.9827145000,207,Data,0x20C,0x8,0x00 0xC4 0x2C 0x34 0x1E 0x07 0x00 0x00,0x3E70,ACK
0.9829627000,208,Data,0x301,0x8,0x80 0x00 0x03 0x00 0x00 0x00 0x00 0x00,0x498E,ACK
0.9832170000,209,Data,0x302,0x2,0x00 0xFF,0x6FC0,ACK
0.9833612000,210,Data,0x485,0x8,0x22 0x00 0x00 0x00 0x0C 0x02 0x48 0x0C,0x1FCE,ACK
1.0008872000,211,Data,0x100,0x8,0x00 0x00 0x00 0x40 0x23 0x4F 0x64 0x32,0x4018,ACK
1.0208972000,212,Data,0x100,0x8,0x00 0x00 0x00 0x40 0x23 0x4F 0x64 0x32,0x4018,ACK
1.0408972000,213,Data,0x100,0x8,0x00 0x00 0x00 0x40 0x23 0x4F 0x64 0x32,0x4018,ACK
1.0577030000,214,Data,0x212,0x8,0x52 0x01 0x00 0xC9 0x00 0x00 0x00 0x29,0x277C,ACK
1.0579633000,215,Data,0x211,0x8,0xE4 0x00 0x29 0x00 0x00 0x00 0x00 0x00,0x2F39,ACK
1.0582215000,216,Data,0x343,0x8,0x00 0x00 0x00 0x00 0x00 0x00 0x00 0x00,0x33F5,ACK
1.0585038000,217,Data,0x341,0x8,0x00 0x00 0x00 0x00 0x02 0x00 0x00 0x00,0x1833,ACK
1.0587780000,218,Data,0x342,0x8,0x23 0x00 0x64 0x00 0x00 0xC4 0x16 0x34,0x5886,ACK
1.0590142000,219,Data,0x344,0x8,0x00 0x00 0x00 0x03 0x00 0x00 0x00 0x00,0x6F15,ACK
1.0608964000,220,Data,0x100,0x8,0x00 0x00 0x00 0x40 0x23 0x4F 0x64 0x32,0x4018,ACK
1.0809164000,221,Data,0x100,0x8,0x00 0x00 0x00 0x40 0x23 0x4F 0x64 0x32,0x4018,ACK
1.0811605000,222,Data,0x203,0x8,0x03 0x00 0x58 0x00 0x58 0x00 0x00 0x00,0x4AB9,ACK
1.0814066000,223,Data,0x204,0x8,0x00 0x00 0x00 0x00 0x00 0x00 0x00 0x00,0x79D1,ACK
1.0816627000,224,Data,0x205,0x8,0x00 0x00 0x00 0x00 0x00 0x00 0x00 0x00,0x72CA,ACK
1.0819629000,225,Data,0x209,0x8,0x9F 0x27 0x10 0x04 0x90 0x49 0x00 0x00,0x59C2,ACK
1.0822050000,226,Data,0x20A,0x8,0x00 0x00 0x00 0x00 0x00 0x00 0x00 0x00,0x1B53,ACK
1.0824591000,227,Data,0x20B,0x8,0xBC 0x02 0x64 0x00 0x01 0xC8 0x00 0x00,0x021C,ACK
1.0827052000,228,Data,0x20C,0x8,0x00 0xC4 0x2C 0x34 0x1E 0x07 0x00 0x00,0x3E70,ACK
1.1008851000,229,Data,0x100,0x8,0x00 0x00 0x00 0x40 0x23 0x4F 0x64 0x32,0x4018,ACK
1.1168233000,230,Data,0x311,0x8,0x39 0x1E 0x07 0x3F 0x90 0x01 0x00 0x00,0x66BC,ACK
1.1208973000,231,Data,0x100,0x8,0x00 0x00 0x00 0x40 0x23 0x4F 0x64 0x32,0x4018,ACK
1.1222976000,232,Data,0x310,0x8,0xF1 0x0E 0x78 0x05 0x1A 0x02 0x01 0xC8,0x14DD,ACK
1.1324058000,233,Data,0x421,0x8,0x38 0x36 0x31 0x34 0xFB 0x04 0x62 0x04,0x00AE,ACK
1.1339821000,234,Data,0x425,0x8,0x01 0x64 0x48 0x58 0x58 0x58 0x01 0xFF,0x1AD8,ACK
1.1343703000,235,Data,0x420,0x8,0xA9 0x14 0xFA 0xFF 0x70 0x03 0x00 0x00,0x5533,ACK
1.1349906000,236,Data,0x422,0x8,0x00 0x00 0x20 0x00 0x15 0x00 0x02 0x00,0x33F1,ACK
1.1363948000,237,Data,0x429,0x8,0x20 0x00 0x00 0x00 0x00 0x00 0x00 0x00,0x7AC7,ACK
1.1374771000,238,Data,0x423,0x8,0xBC 0x02 0x64 0x00 0x3C 0x00 0x01 0x00,0x500B,ACK
1.1408972000,239,Data,0x100,0x8,0x00 0x00 0x00 0x40 0x23 0x4F 0x64 0x32,0x4018,ACK
1.1576791000,240,Data,0x212,0x8,0x52 0x01 0x00 0xC9 0x00 0x00 0x00 0x29,0x277C,ACK
1.1579413000,241,Data,0x211,0x8,0xE4 0x00 0x29 0x00 0x00 0x00 0x00 0x00,0x2F39,ACK
1.1582014000,242,Data,0x343,0x8,0x00 0x00 0x00 0x00 0x00 0x00 0x00 0x00,0x33F5,ACK
1.1584797000,243,Data,0x401,0x8,0x00 0x00 0x34 0x00 0x05 0x2A 0x00 0x00,0x4E01,ACK
1.1608838000,244,Data,0x100,0x8,0x00 0x00 0x00 0x40 0x23 0x4F 0x64 0x32,0x4018,ACK
1.1809218000,245,Data,0x100,0x8,0x00 0x00 0x00 0x40 0x23 0x4F 0x64 0x32,0x4018,ACK
1.1811680000,246,Data,0x203,0x8,0x03 0x00 0x58 0x00 0x58 0x00 0x00 0x00,0x4AB9,ACK
1.1814163000,247,Data,0x204,0x8,0x00 0x00 0x00 0x00 0x00 0x00 0x00 0x00,0x79D1,ACK
1.1816725000,248,Data,0x205,0x8,0x00 0x00 0x00 0x00 0x00 0x00 0x00 0x00,0x72CA,ACK
1.1819727000,249,Data,0x209,0x8,0x9F 0x27 0x10 0x04 0x90 0x49 0x00 0x00,0x59C2,ACK
1.1822130000,250,Data,0x20A,0x8,0x00 0x00 0x00 0x00 0x00 0x00 0x00 0x00,0x1B53,ACK
1.1824692000,251,Data,0x20B,0x8,0xBC 0x02 0x64 0x00 0x01 0xC8 0x00 0x00,0x021C,ACK
1.1827135000,252,Data,0x20C,0x8,0x00 0xC4 0x2C 0x34 0x1E 0x07 0x00 0x00,0x3E70,ACK
1.1829617000,253,Data,0x301,0x8,0x80 0x00 0x03 0x00 0x00 0x00 0x00 0x00,0x498E,ACK
1.1832160000,254,Data,0x302,0x2,0x00 0xFF,0x6FC0,ACK
1.1833602000,255,Data,0x485,0x8,0x22 0x00 0x00 0x00 0x0C 0x02 0x48 0x0C,0x1FCE,ACK
1.2008962000,256,Data,0x100,0x8,0x00 0x00 0x00 0x40 0x23 0x4F 0x64 0x32,0x4018,ACK
1.2208962000,257,Data,0x100,0x8,0x00 0x00 0x00 0x40 0x23 0x4F 0x64 0x32,0x4018,ACK
1.2408962000,258,Data,0x100,0x8,0x00 0x00 0x00 0x40 0x23 0x4F 0x64 0x32,0x4018,ACK
1.2577180000,259,Data,0x212,0x8,0x52 0x01 0x00 0xC9 0x00 0x00 0x00 0x29,0x277C,ACK
1.2579801000,260,Data,0x211,0x8,0xE4 0x00 0x29 0x00 0x00 0x00 0x00 0x00,0x2F39,ACK
1.2582403000,261,Data,0x343,0x8,0x00 0x00 0x00 0x00 0x00 0x00 0x00 0x00,0x33F5,ACK
1.2585184000,262,Data,0x341,0x8,0x00 0x00 0x00 0x00 0x02 0x00 0x00 0x00,0x1833,ACK
1.2587965000,263,Data,0x342,0x8,0x23 0x00 0x64 0x00 0x00 0xC4 0x16 0x34,0x5886,ACK
1.2590526000,264,Data,0x344,0x8,0x00 0x00 0x00 0x03 0x00 0x00 0x00 0x00,0x6F15,ACK
1.2608947000,265,Data,0x100,0x8,0x00 0x00 0x00 0x40 0x23 0x4F 0x64 0x32,0x4018,ACK
1.2809125000,266,Data,0x100,0x8,0x00 0x00 0x00 0x40 0x23 0x4F 0x64 0x32,0x4018,ACK
1.2811588000,267,Data,0x203,0x8,0x03 0x00 0x58 0x00 0x58 0x00 0x00 0x00,0x4AB9,ACK
1.2814070000,268,Data,0x204,0x8,0x00 0x00 0x00 0x00 0x00 0x00 0x00 0x00,0x79D1,ACK
1.2816633000,269,Data,0x205,0x8,0x00 0x00 0x00 0x00 0x00 0x00 0x00 0x00,0x72CA,ACK
1.2819715000,270,Data,0x209,0x8,0x9F 0x27 0x10 0x04 0x90 0x49 0x00 0x00,0x59C2,ACK
1.2822117000,271,Data,0x20A,0x8,0x00 0x00 0x00 0x00 0x00 0x00 0x00 0x00,0x1B53,ACK
1.2824660000,272,Data,0x20B,0x8,0xBC 0x02 0x64 0x00 0x01 0xC8 0x00 0x00,0x021C,ACK
1.2827102000,273,Data,0x20C,0x8,0x00 0xC4 0x2C 0x34 0x1E 0x07 0x00 0x00,0x3E70,ACK
1.3008942000,274,Data,0x100,0x8,0x00 0x00 0x00 0x40 0x23 0x4F 0x64 0x32,0x4018,ACK
1.3173403000,275,Data,0x311,0x8,0x39 0x1E 0x07 0x3F 0x90 0x01 0x00 0x00,0x66BC,ACK
1.3208923000,276,Data,0x100,0x8,0x00 0x00 0x00 0x40 0x23 0x4F 0x64 0x32,0x4018,ACK
1.3228206000,277,Data,0x310,0x8,0xF1 0x0E 0x78 0x05 0x1A 0x02 0x01 0xC8,0x14DD,ACK
1.3408824000,278,Data,0x100,0x8,0x00 0x00 0x00 0x40 0x23 0x4F 0x64 0x32,0x4018,ACK
1.3576843000,279,Data,0x212,0x8,0x52 0x01 0x00 0xC9 0x00 0x00 0x00 0x29,0x277C,ACK
1.3579466000,280,Data,0x211,0x8,0xE4 0x00 0x29 0x00 0x00 0x00 0x00 0x00,0x2F39,ACK
1.3582028000,281,Data,0x343,0x8,0x00 0x00 0x00 0x00 0x00 0x00 0x00 0x00,0x33F5,ACK
1.3608929000,282,Data,0x100,0x8,0x00 0x00 0x00 0x40 0x23 0x4F 0x64 0x32,0x4018,ACK
1.3809349000,283,Data,0x100,0x8,0x00 0x00 0x00 0x40 0x23 0x4F 0x64 0x32,0x4018,ACK
1.3811811000,284,Data,0x203,0x8,0x03 0x00 0x58 0x00 0x58 0x00 0x00 0x00,0x4AB9,ACK
1.3814274000,285,Data,0x204,0x8,0x00 0x00 0x00 0x00 0x00 0x00 0x00 0x00,0x79D1,ACK
1.3816856000,286,Data,0x205,0x8,0x00 0x00 0x00 0x00 0x00 0x00 0x00 0x00,0x72CA,ACK
1.3819579000,287,Data,0x209,0x8,0x9F 0x27 0x10 0x04 0x90 0x49 0x00 0x00,0x59C2,ACK
1.3821981000,288,Data,0x20A,0x8,0x00 0x00 0x00 0x00 0x00 0x00 0x00 0x00,0x1B53,ACK
1.3824544000,289,Data,0x20B,0x8,0xBC 0x02 0x64 0x00 0x01 0xC8 0x00 0x00,0x021C,ACK
1.3826986000,290,Data,0x20C,0x8,0x00 0xC4 0x2C 0x34 0x1E 0x07 0x00 0x00,0x3E70,ACK
1.3829469000,291,Data,0x301,0x8,0x80 0x00 0x03 0x00 0x00 0x00 0x00 0x00,0x498E,ACK
1.3832011000,292,Data,0x302,0x2,0x00 0xFF,0x6FC0,ACK
1.3833454000,293,Data,0x485,0x8,0x22 0x00 0x00 0x00 0x0C 0x02 0x48 0x0C,0x1FCE,ACK
1.3835896000,294,Data,0x480,0x8,0x00 0x00 0x00 0x00 0x20 0x00 0x00 0x00,0x2C46,ACK
1.3838459000,295,Data,0x481,0x8,0x50 0x0A 0x40 0x08 0x00 0x00 0x00 0x00,0x46C7,ACK
1.3840961000,296,Data,0x482,0x8,0x52 0x01 0x02 0x00 0x00 0x00 0x00 0x00,0x36EA,ACK
1.3843443000,297,Data,0x483,0x8,0x31 0x4B 0x31 0x55 0x41 0x32 0x35 0x35,0x717E,ACK
1.3845786000,298,Data,0x484,0x8,0x31 0x50 0x33 0x39 0x36 0x35 0x00 0x00,0x0196,ACK
1.4008925000,299,Data,0x100,0x8,0x00 0x00 0x00 0x40 0x23 0x4F 0x64 0x32,0x4018,ACK
1.4208925000,300,Data,0x100,0x8,0x00 0x00 0x00 0x40 0x23 0x4F 0x64 0x32,0x4018,ACK
1.4408924000,301,Data,0x100,0x8,0x00 0x00 0x00 0x40 0x23 0x4F 0x64 0x32,0x4018,ACK
1.4576822000,302,Data,0x212,0x8,0x52 0x01 0x00 0xC9 0x00 0x00 0x00 0x29,0x277C,ACK
1.4579444000,303,Data,0x211,0x8,0xE4 0x00 0x29 0x00 0x00 0x00 0x00 0x00,0x2F39,ACK
1.4582265000,304,Data,0x343,0x8,0x00 0x00 0x00 0x00 0x00 0x00 0x00 0x00,0x33F5,ACK
1.4584866000,305,Data,0x341,0x8,0x00 0x00 0x00 0x00 0x02 0x00 0x00 0x00,0x1833,ACK
1.4587807000,306,Data,0x342,0x8,0x23 0x00 0x64 0x00 0x00 0xC4 0x16 0x34,0x5886,ACK
1.4590429000,307,Data,0x344,0x8,0x00 0x00 0x00 0x03 0x00 0x00 0x00 0x00,0x6F15,ACK
1.4608909000,308,Data,0x100,0x8,0x00 0x00 0x00 0x40 0x23 0x4F 0x64 0x32,0x4018,ACK
1.4808988000,309,Data,0x100,0x8,0x00 0x00 0x00 0x40 0x23 0x4F 0x64 0x32,0x4018,ACK
1.4811430000,310,Data,0x203,0x8,0x03 0x00 0x58 0x00 0x58 0x00 0x00 0x00,0x4AB9,ACK
1.4813893000,311,Data,0x204,0x8,0x00 0x00 0x00 0x00 0x00 0x00 0x00 0x00,0x79D1,ACK
1.4816455000,312,Data,0x205,0x8,0x00 0x00 0x00 0x00 0x00 0x00 0x00 0x00,0x72CA,ACK
1.4819678000,313,Data,0x209,0x8,0x9F 0x27 0x10 0x04 0x90 0x49 0x00 0x00,0x59C2,ACK
1.4822080000,314,Data,0x20A,0x8,0x00 0x00 0x00 0x00 0x00 0x00 0x00 0x00,0x1B53,ACK
1.4824622000,315,Data,0x20B,0x8,0xBC 0x02 0x64 0x00 0x01 0xC8 0x00 0x00,0x021C,ACK
1.4827065000,316,Data,0x20C,0x8,0x00 0xC4 0x2C 0x34 0x1E 0x07 0x00 0x00,0x3E70,ACK
1.5008905000,317,Data,0x100,0x8,0x00 0x00 0x00 0x40 0x23 0x4F 0x64 0x32,0x4018,ACK
1.5180148000,318,Data,0x311,0x8,0x39 0x1E 0x07 0x3F 0x90 0x01 0x00 0x00,0x66BC,ACK
1.5208908000,319,Data,0x100,0x8,0x00 0x00 0x00 0x40 0x23 0x4F 0x64 0x32,0x4018,ACK
1.5235030000,320,Data,0x310,0x8,0xF1 0x0E 0x78 0x05 0x1A 0x02 0x01 0xC8,0x14DD,ACK
1.5408909000,321,Data,0x100,0x8,0x00 0x00 0x00 0x40 0x23 0x4F 0x64 0x32,0x4018,ACK
1.5576988000,322,Data,0x212,0x8,0x52 0x01 0x00 0xC9 0x00 0x00 0x00 0x29,0x277C,ACK
1.5579571000,323,Data,0x211,0x8,0xE4 0x00 0x29 0x00 0x00 0x00 0x00 0x00,0x2F39,ACK
1.5582193000,324,Data,0x343,0x8,0x00 0x00 0x00 0x00 0x00 0x00 0x00 0x00,0x33F5,ACK
1.5608914000,325,Data,0x100,0x8,0x00 0x00 0x00 0x40 0x23 0x4F 0x64 0x32,0x4018,ACK
1.5809154000,326,Data,0x100,0x8,0x00 0x00 0x00 0x40 0x23 0x4F 0x64 0x32,0x4018,ACK
1.5811616000,327,Data,0x203,0x8,0x03 0x00 0x58 0x00 0x58 0x00 0x00 0x00,0x4AB9,ACK
1.5814099000,328,Data,0x204,0x8,0x00 0x00 0x00 0x00 0x00 0x00 0x00 0x00,0x79D1,ACK
1.5816661000,329,Data,0x205,0x8,0x00 0x00 0x00 0x00 0x00 0x00 0x00 0x00,0x72CA,ACK
1.5819664000,330,Data,0x209,0x8,0x9F 0x27 0x10 0x04 0x90 0x49 0x00 0x00,0x59C2,ACK
1.5822066000,331,Data,0x20A,0x8,0x00 0x00 0x00 0x00 0x00 0x00 0x00 0x00,0x1B53,ACK
1.5824629000,332,Data,0x20B,0x8,0xBC 0x02 0x64 0x00 0x01 0xC8 0x00 0x00,0x021C,ACK
1.5827071000,333,Data,0x20C,0x8,0x00 0xC4 0x2C 0x34 0x1E 0x07 0x00 0x00,0x3E70,ACK
1.5829554000,334,Data,0x301,0x8,0x80 0x00 0x03 0x00 0x00 0x00 0x00 0x00,0x498E,ACK
1.5832096000,335,Data,0x302,0x2,0x00 0xFF,0x6FC0,ACK
1.5833559000,336,Data,0x485,0x8,0x22 0x00 0x00 0x00 0x0C 0x02 0x48 0x0C,0x1FCE,ACK
1.6008899000,337,Data,0x100,0x8,0x00 0x00 0x00 0x40 0x23 0x4F 0x64 0x32,0x4018,ACK
1.6208898000,338,Data,0x100,0x8,0x00 0x00 0x00 0x40 0x23 0x4F 0x64 0x32,0x4018,ACK
1.6331359000,339,Data,0x501,0x8,0xB4 0xC1 0x83 0x58 0x51 0xE5 0xB2 0x6B,0x057E,ACK
1.6333662000,340,Data,0x502,0x8,0x32 0xAC 0x86 0x0E 0x1A 0xB9 0x00 0x00,0x0E93,ACK
1.6336024000,341,Data,0x424,0x8,0x6C 0x31 0x4D 0x69 0x00 0x00 0x00 0x00,0x74FB,ACK
1.6338407000,342,Data,0x425,0x8,0x01 0x64 0x48 0x58 0x58 0x58 0x01 0xFF,0x1AD8,ACK
1.6343669000,343,Data,0x421,0x8,0x38 0x36 0x31 0x34 0xFB 0x04 0x62 0x04,0x00AE,ACK
1.6347752000,344,Data,0x422,0x8,0x00 0x00 0x20 0x00 0x15 0x00 0x02 0x00,0x33F1,ACK
1.6363434000,345,Data,0x420,0x8,0xA9 0x14 0x00 0x00 0x70 0x03 0x00 0x00,0x3CD8,ACK
1.6382597000,346,Data,0x429,0x8,0x20 0x00 0x00 0x00 0x00 0x00 0x00 0x00,0x7AC7,ACK
1.6393239000,347,Data,0x423,0x8,0xBC 0x02 0x64 0x00 0x3C 0x00 0x01 0x00,0x500B,ACK
1.6408881000,348,Data,0x100,0x8,0x00 0x00 0x00 0x40 0x23 0x4F 0x64 0x32,0x4018,ACK
1.6576999000,349,Data,0x212,0x8,0x52 0x01 0x00 0xC9 0x00 0x00 0x00 0x29,0x277C,ACK
1.6579840000,350,Data,0x211,0x8,0xE4 0x00 0x29 0x00 0x00 0x00 0x00 0x00,0x2F39,ACK
1.6582442000,351,Data,0x343,0x8,0x00 0x00 0x00 0x00 0x00 0x00 0x00 0x00,0x33F5,ACK
1.6585025000,352,Data,0x341,0x8,0x00 0x00 0x00 0x00 0x02 0x00 0x00 0x00,0x1833,ACK
1.6588027000,353,Data,0x342,0x8,0x23 0x00 0x64 0x00 0x00 0xC4 0x16 0x34,0x5886,ACK
1.6590590000,354,Data,0x344,0x8,0x00 0x00 0x00 0x03 0x00 0x00 0x00 0x00,0x6F15,ACK
1.6593192000,355,Data,0x401,0x8,0x00 0x00 0x34 0x00 0x05 0x2A 0x00 0x00,0x4E01,ACK
1.6608893000,356,Data,0x100,0x8,0x00 0x00 0x00 0x40 0x23 0x4F 0x64 0x32,0x4018,ACK
1.6809073000,357,Data,0x100,0x8,0x00 0x00 0x00 0x40 0x23 0x4F 0x64 0x32,0x4018,ACK
1.6811515000,358,Data,0x203,0x8,0x03 0x00 0x58 0x00 0x58 0x00 0x00 0x00,0x4AB9,ACK
1.6813978000,359,Data,0x204,0x8,0x00 0x00 0x00 0x00 0x00 0x00 0x00 0x00,0x79D1,ACK
1.6816540000,360,Data,0x205,0x8,0x00 0x00 0x00 0x00 0x00 0x00 0x00 0x00,0x72CA,ACK
1.6819643000,361,Data,0x209,0x8,0x9F 0x27 0x10 0x04 0x90 0x49 0x00 0x00,0x59C2,ACK
1.6822045000,362,Data,0x20A,0x8,0x00 0x00 0x00 0x00 0x00 0x00 0x00 0x00,0x1B53,ACK
1.6824588000,363,Data,0x20B,0x8,0xBC 0x02 0x64 0x00 0x01 0xC8 0x00 0x00,0x021C,ACK
1.6827050000,364,Data,0x20C,0x8,0x00 0xC4 0x2C 0x34 0x1E 0x07 0x00 0x00,0x3E70,ACK
1.7008870000,365,Data,0x100,0x8,0x00 0x00 0x00 0x40 0x23 0x4F 0x64 0x32,0x4018,ACK
1.7178573000,366,Data,0x311,0x8,0x39 0x1E 0x07 0x3F 0x90 0x01 0x00 0x00,0x66BC,ACK
1.7208874000,367,Data,0x100,0x8,0x00 0x05 0x00 0x40 0x23 0x4F 0x64 0x32,0x649F,ACK
1.7233275000,368,Data,0x310,0x8,0xF1 0x0E 0x78 0x05 0x1A 0x02 0x01 0xC8,0x14DD,ACK
1.7408874000,369,Data,0x100,0x8,0x00 0x0B 0x00 0x40 0x23 0x4F 0x64 0x32,0x7F67,ACK
1.7576813000,370,Data,0x212,0x8,0x52 0x01 0x00 0xC9 0x00 0x00 0x00 0x29,0x277C,ACK
1.7579676000,371,Data,0x211,0x8,0xE4 0x00 0x29 0x00 0x00 0x00 0x00 0x00,0x2F39,ACK
1.7582258000,372,Data,0x343,0x8,0x00 0x00 0x00 0x00 0x00 0x00 0x00 0x00,0x33F5,ACK
1.7608879000,373,Data,0x100,0x8,0x00 0x12 0x00 0x40 0x23 0x4F 0x64 0x32,0x6C10,ACK
1.7809139000,374,Data,0x100,0x8,0x00 0x19 0x00 0x40 0x23 0x4F 0x64 0x32,0x536F,ACK
1.7811521000,375,Data,0x203,0x8,0x03 0x00 0x58 0x00 0x58 0x00 0x00 0x00,0x4AB9,ACK
1.7814004000,376,Data,0x204,0x8,0x00 0x00 0x00 0x00 0x00 0x00 0x00 0x00,0x79D1,ACK
1.7816566000,377,Data,0x205,0x8,0x00 0x00 0x00 0x00 0x00 0x00 0x00 0x00,0x72CA,ACK
1.7819629000,378,Data,0x209,0x8,0x9F 0x27 0x10 0x04 0x90 0x49 0x00 0x00,0x59C2,ACK
1.7822031000,379,Data,0x20A,0x8,0x00 0x00 0x00 0x00 0x00 0x00 0x00 0x00,0x1B53,ACK
1.7824574000,380,Data,0x20B,0x8,0xBC 0x02 0x64 0x00 0x01 0xC8 0x00 0x00,0x021C,ACK
1.7827016000,381,Data,0x20C,0x8,0x00 0xC8 0x2C 0x34 0x1E 0x07 0x00 0x00,0x0CF3,ACK
1.7829499000,382,Data,0x301,0x8,0x80 0x00 0x03 0x00 0x00 0x00 0x00 0x00,0x498E,ACK
1.7832041000,383,Data,0x302,0x2,0x00 0xFF,0x6FC0,ACK
1.7833504000,384,Data,0x485,0x8,0x22 0x00 0x00 0x00 0x0C 0x02 0x48 0x0C,0x1FCE,ACK
1.8008864000,385,Data,0x100,0x8,0x00 0x23 0x00 0x40 0x23 0x4F 0x64 0x32,0x15F4,ACK
1.8208743000,386,Data,0x100,0x8,0x00 0x29 0x00 0x40 0x23 0x4F 0x64 0x32,0x5CFA,ACK
1.8408882000,387,Data,0x100,0x8,0x00 0x30 0x00 0x40 0x23 0x4F 0x64 0x32,0x4F8D,ACK
1.8577001000,388,Data,0x212,0x8,0x52 0x01 0x00 0xC9 0x00 0x00 0x00 0x29,0x277C,ACK
1.8579603000,389,Data,0x211,0x8,0xE4 0x00 0x29 0x00 0x00 0x00 0x00 0x00,0x2F39,ACK
1.8582205000,390,Data,0x343,0x8,0x00 0x00 0x00 0x00 0x00 0x00 0x00 0x00,0x33F5,ACK
1.8585027000,391,Data,0x341,0x8,0x00 0x00 0x00 0x00 0x02 0x00 0x00 0x00,0x1833,ACK
1.8587770000,392,Data,0x342,0x8,0x23 0x00 0x64 0x00 0x00 0xC8 0x16 0x34,0x40B9,ACK
1.8590592000,393,Data,0x344,0x8,0x00 0x00 0x00 0x03 0x00 0x00 0x00 0x00,0x6F15,ACK
1.8608873000,394,Data,0x100,0x8,0x00 0x35 0x00 0x40 0x23 0x4F 0x64 0x32,0x6B0A,ACK
1.8809053000,395,Data,0x100,0x8,0x00 0x37 0x00 0x40 0x23 0x4F 0x64 0x32,0x4271,ACK
1.8811435000,396,Data,0x203,0x8,0x03 0x00 0x58 0x00 0x58 0x00 0x00 0x00,0x4AB9,ACK
1.8813898000,397,Data,0x204,0x8,0x00 0x00 0x00 0x00 0x00 0x00 0x00 0x00,0x79D1,ACK
1.8816460000,398,Data,0x205,0x8,0x00 0x00 0x00 0x00 0x00 0x00 0x00 0x00,0x72CA,ACK
1.8819623000,399,Data,0x209,0x8,0x9F 0x27 0x10 0x04 0x90 0x49 0x00 0x00,0x59C2,ACK
1.8822025000,400,Data,0x20A,0x8,0x00 0x00 0x00 0x00 0x00 0x00 0x00 0x00,0x1B53,ACK
1.8824568000,401,Data,0x20B,0x8,0xBC 0x02 0x64 0x00 0x01 0xC8 0x00 0x00,0x021C,ACK
1.8827030000,402,Data,0x20C,0x8,0x00 0xC8 0x2C 0x34 0x1E 0x07 0x00 0x00,0x0CF3,ACK
1.9008850000,403,Data,0x100,0x8,0x00 0x3D 0x00 0x40 0x23 0x4F 0x64 0x32,0x0B7F,ACK
1.9177033000,404,Data,0x311,0x8,0x39 0x1E 0x07 0x3F 0x90 0x01 0x00 0x00,0x66BC,ACK
1.9208874000,405,Data,0x100,0x8,0x00 0x42 0x00 0x40 0x23 0x4F 0x64 0x32,0x7CAF,ACK
1.9252015000,406,Data,0x310,0x8,0xF1 0x0E 0x78 0x05 0x1A 0x02 0x01 0xC8,0x14DD,ACK
1.9408835000,407,Data,0x100,0x8,0x00 0x47 0x00 0x40 0x23 0x4F 0x64 0x32,0x5828,ACK
1.9576613000,408,Data,0x212,0x8,0x52 0x01 0x00 0xC9 0x00 0x00 0x00 0x29,0x277C,ACK
1.9579256000,409,Data,0x211,0x8,0xE4 0x00 0x29 0x00 0x00 0x00 0x00 0x00,0x2F39,ACK
1.9581858000,410,Data,0x343,0x8,0x00 0x00 0x00 0x00 0x00 0x00 0x00 0x00,0x33F5,ACK
1.9608839000,411,Data,0x100,0x8,0x00 0x4B 0x00 0x40 0x23 0x4F 0x64 0x32,0x6AAB,ACK
1.9809119000,412,Data,0x100,0x8,0x00 0x4C 0x00 0x40 0x23 0x4F 0x64 0x32,0x6757,ACK
1.9811542000,413,Data,0x203,0x8,0x03 0x00 0x58 0x00 0x58 0x00 0x00 0x00,0x4AB9,ACK
1.9814004000,414,Data,0x204,0x8,0x00 0x00 0x00 0x00 0x00 0x00 0x00 0x00,0x79D1,ACK
1.9816566000,415,Data,0x205,0x8,0x00 0x00 0x00 0x00 0x00 0x00 0x00 0x00,0x72CA,ACK
1.9819489000,416,Data,0x209,0x8,0x9F 0x27 0x10 0x04 0x90 0x49 0x00 0x00,0x59C2,ACK
1.9821891000,417,Data,0x20A,0x8,0x00 0x00 0x00 0x00 0x00 0x00 0x00 0x00,0x1B53,ACK
1.9824434000,418,Data,0x20B,0x8,0xBC 0x02 0x64 0x00 0x01 0xC8 0x00 0x00,0x021C,ACK
1.9826876000,419,Data,0x20C,0x8,0x00 0xC8 0x2C 0x34 0x1E 0x07 0x00 0x00,0x0CF3,ACK
1.9829359000,420,Data,0x301,0x8,0x80 0x00 0x03 0x00 0x00 0x00 0x00 0x00,0x498E,ACK
1.9831881000,421,Data,0x302,0x2,0x00 0xFF,0x6FC0,ACK
1.9833324000,422,Data,0x485,0x8,0x22 0x00 0x00 0x00 0x0C 0x02 0x48 0x0C,0x1FCE,ACK
2.0008824000,423,Data,0x100,0x8,0x00 0x50 0x00 0x40 0x23 0x4F 0x64 0x32,0x50A7,ACK
2.0208844000,424,Data,0x100,0x8,0x00 0x50 0x00 0x40 0x23 0x4F 0x64 0x32,0x50A7,ACK
2.0408842000,425,Data,0x100,0x8,0x00 0x53 0x00 0x40 0x23 0x4F 0x64 0x32,0x0FAD,ACK
2.0576681000,426,Data,0x212,0x8,0x52 0x01 0x00 0xC9 0x00 0x00 0x00 0x29,0x277C,ACK
2.0579543000,427,Data,0x211,0x8,0xE4 0x00 0x29 0x00 0x00 0x00 0x00 0x00,0x2F39,ACK
2.0582105000,428,Data,0x343,0x8,0x00 0x00 0x00 0x00 0x00 0x00 0x00 0x00,0x33F5,ACK
2.0584707000,429,Data,0x341,0x8,0x00 0x00 0x00 0x00 0x02 0x00 0x00 0x00,0x1833,ACK
2.0587730000,430,Data,0x342,0x8,0x23 0x00 0x64 0x00 0x00 0xC8 0x16 0x34,0x40B9,ACK
2.0590292000,431,Data,0x344,0x8,0x00 0x00 0x00 0x03 0x00 0x00 0x00 0x00,0x6F15,ACK
2.0608833000,432,Data,0x100,0x8,0x00 0x56 0x00 0x40 0x23 0x4F 0x64 0x32,0x2B2A,ACK
2.0809013000,433,Data,0x100,0x8,0x00 0x5A 0x00 0x40 0x23 0x4F 0x64 0x32,0x19A9,ACK
2.0811415000,434,Data,0x203,0x8,0x03 0x00 0x58 0x00 0x58 0x00 0x00 0x00,0x4AB9,ACK
2.0813878000,435,Data,0x204,0x8,0x00 0x00 0x00 0x00 0x00 0x00 0x00 0x00,0x79D1,ACK
2.0816440000,436,Data,0x205,0x8,0x00 0x00 0x00 0x00 0x00 0x00 0x00 0x00,0x72CA,ACK
2.0819603000,437,Data,0x209,0x8,0x9F 0x27 0x10 0x04 0x90 0x49 0x00 0x00,0x59C2,ACK
2.0822005000,438,Data,0x20A,0x8,0x00 0x00 0x00 0x00 0x00 0x00 0x00 0x00,0x1B53,ACK
2.0824548000,439,Data,0x20B,0x8,0xBC 0x02 0x64 0x00 0x01 0xC8 0x00 0x00,0x021C,ACK
2.0826990000,440,Data,0x20C,0x8,0x00 0xC8 0x2C 0x34 0x1E 0x07 0x00 0x00,0x0CF3,ACK
2.1008830000,441,Data,0x100,0x8,0x00 0x5B 0x00 0x40 0x23 0x4F 0x64 0x32,0x6FD8,ACK
2.1175513000,442,Data,0x311,0x8,0x39 0x1E 0x07 0x3F 0x90 0x01 0x00 0x00,0x66BC,ACK
2.1208814000,443,Data,0x100,0x8,0x00 0x5B 0x00 0x40 0x23 0x4F 0x64 0x32,0x6FD8,ACK
2.1250975000,444,Data,0x310,0x8,0xF1 0x0E 0x78 0x05 0x1A 0x02 0x01 0xC8,0x14DD,ACK
2.1347018000,445,Data,0x425,0x8,0x01 0x64 0x48 0x58 0x58 0x58 0x01 0xFF,0x1AD8,ACK
2.1352540000,446,Data,0x421,0x8,0x38 0x36 0x31 0x34 0xFB 0x04 0x62 0x04,0x00AE,ACK
2.1356623000,447,Data,0x422,0x8,0x00 0x00 0x20 0x00 0x15 0x00 0x02 0x00,0x33F1,ACK
2.1372265000,448,Data,0x420,0x8,0xA9 0x14 0xF8 0xFF 0x70 0x03 0x00 0x00,0x696B,ACK
2.1391408000,449,Data,0x429,0x8,0x20 0x00 0x00 0x00 0x00 0x00 0x00 0x00,0x7AC7,ACK
2.1402050000,450,Data,0x423,0x8,0xBC 0x02 0x64 0x00 0x3C 0x00 0x01 0x00,0x500B,ACK
2.1408832000,451,Data,0x100,0x8,0x00 0x5F 0x00 0x40 0x23 0x4F 0x64 0x32,0x3D2E,ACK
2.1576930000,452,Data,0x212,0x8,0x52 0x01 0x00 0xC9 0x00 0x00 0x00 0x29,0x277C,ACK
2.1579553000,453,Data,0x211,0x8,0xE4 0x00 0x29 0x00 0x00 0x00 0x00 0x00,0x2F39,ACK
2.1582116000,454,Data,0x343,0x8,0x00 0x00 0x00 0x00 0x00 0x00 0x00 0x00,0x33F5,ACK
2.1584958000,455,Data,0x401,0x8,0x00 0x00 0x34 0x00 0x05 0x2A 0x00 0x00,0x4E01,ACK
2.1608819000,456,Data,0x100,0x8,0x00 0x64 0x00 0x40 0x23 0x4F 0x64 0x32,0x0DC4,ACK
2.1809099000,457,Data,0x100,0x8,0x00 0x65 0x00 0x40 0x23 0x4F 0x64 0x32,0x7BB5,ACK
2.1811502000,458,Data,0x203,0x8,0x03 0x00 0x58 0x00 0x58 0x00 0x00 0x00,0x4AB9,ACK
2.1813964000,459,Data,0x204,0x8,0x00 0x00 0x00 0x00 0x00 0x00 0x00 0x00,0x79D1,ACK
2.1816547000,460,Data,0x205,0x8,0x00 0x00 0x00 0x00 0x00 0x00 0x00 0x00,0x72CA,ACK
2.1819589000,461,Data,0x209,0x8,0x9F 0x27 0x10 0x04 0x90 0x49 0x00 0x00,0x59C2,ACK
2.1821991000,462,Data,0x20A,0x8,0x00 0x00 0x00 0x00 0x00 0x00 0x00 0x00,0x1B53,ACK
2.1824534000,463,Data,0x20B,0x8,0xBC 0x02 0x64 0x00 0x01 0xC8 0x00 0x00,0x021C,ACK
2.1826976000,464,Data,0x20C,0x8,0x00 0xC8 0x2C 0x34 0x1E 0x07 0x00 0x00,0x0CF3,ACK
2.1829459000,465,Data,0x301,0x8,0x80 0x00 0x03 0x00 0x00 0x00 0x00 0x00,0x498E,ACK
2.1832001000,466,Data,0x302,0x2,0x00 0xFF,0x6FC0,ACK
2.1833464000,467,Data,0x485,0x8,0x22 0x00 0x00 0x00 0x0C 0x02 0x48 0x0C,0x1FCE,ACK
2.2008824000,468,Data,0x100,0x8,0x00 0x65 0x00 0x40 0x23 0x4F 0x64 0x32,0x7BB5,ACK
2.2208802000,469,Data,0x100,0x8,0x00 0x65 0x00 0x40 0x23 0x4F 0x64 0x32,0x7BB5,ACK
2.2408822000,470,Data,0x100,0x8,0x00 0x67 0x00 0x40 0x23 0x4F 0x64 0x32,0x52CE,ACK
2.2577161000,471,Data,0x212,0x8,0x52 0x01 0x00 0xC9 0x00 0x00 0x00 0x29,0x277C,ACK
2.2579742000,472,Data,0x211,0x8,0xE4 0x00 0x29 0x00 0x00 0x00 0x00 0x00,0x2F39,ACK
2.2582345000,473,Data,0x343,0x8,0x00 0x00 0x00 0x00 0x00 0x00 0x00 0x00,0x33F5,ACK
2.2584927000,474,Data,0x341,0x8,0x00 0x00 0x00 0x00 0x02 0x00 0x00 0x00,0x1833,ACK
2.2587910000,475,Data,0x342,0x8,0x23 0x00 0x64 0x00 0x00 0xC8 0x16 0x34,0x40B9,ACK
2.2590532000,476,Data,0x344,0x8,0x00 0x00 0x00 0x03 0x00 0x00 0x00 0x00,0x6F15,ACK
2.2608793000,477,Data,0x100,0x8,0x00 0x67 0x00 0x40 0x23 0x4F 0x64 0x32,0x52CE,ACK
2.2808993000,478,Data,0x100,0x8,0x00 0x69 0x00 0x40 0x23 0x4F 0x64 0x32,0x4936,ACK
2.2811395000,479,Data,0x203,0x8,0x03 0x00 0x58 0x00 0x58 0x00 0x00 0x00,0x4AB9,ACK
2.2813878000,480,Data,0x204,0x8,0x00 0x00 0x00 0x00 0x00 0x00 0x00 0x00,0x79D1,ACK
2.2816440000,481,Data,0x205,0x8,0x00 0x00 0x00 0x00 0x00 0x00 0x00 0x00,0x72CA,ACK
2.2819583000,482,Data,0x209,0x8,0x9F 0x27 0x10 0x04 0x90 0x49 0x00 0x00,0x59C2,ACK
2.2822005000,483,Data,0x20A,0x8,0x00 0x00 0x00 0x00 0x00 0x00 0x00 0x00,0x1B53,ACK
2.2824548000,484,Data,0x20B,0x8,0xBC 0x02 0x64 0x00 0x01 0xC8 0x00 0x00,0x021C,ACK
2.2826990000,485,Data,0x20C,0x8,0x00 0xC8 0x2C 0x34 0x1E 0x07 0x00 0x00,0x0CF3,ACK
2.3008810000,486,Data,0x100,0x8,0x00 0x6A 0x00 0x40 0x23 0x4F 0x64 0x32,0x163C,ACK
2.3189073000,487,Data,0x311,0x8,0x39 0x1E 0x07 0x3F 0x90 0x01 0x00 0x00,0x66BC,ACK
2.3208794000,488,Data,0x100,0x8,0x00 0x6C 0x00 0x40 0x23 0x4F 0x64 0x32,0x6DB1,ACK
2.3243735000,489,Data,0x310,0x8,0xF1 0x0E 0x78 0x05 0x1A 0x02 0x01 0xC8,0x14DD,ACK
2.3408795000,490,Data,0x100,0x8,0x00 0x6C 0x00 0x40 0x23 0x4F 0x64 0x32,0x6DB1,ACK
2.3576993000,491,Data,0x212,0x8,0x52 0x01 0x00 0xC9 0x00 0x00 0x00 0x29,0x277C,ACK
2.3579616000,492,Data,0x211,0x8,0xE4 0x00 0x29 0x00 0x00 0x00 0x00 0x00,0x2F39,ACK
2.3582218000,493,Data,0x343,0x8,0x00 0x00 0x00 0x00 0x00 0x00 0x00 0x00,0x33F5,ACK
2.3608679000,494,Data,0x100,0x8,0x00 0x6C 0x00 0x40 0x23 0x4F 0x64 0x32,0x6DB1,ACK
2.3809219000,495,Data,0x100,0x8,0x00 0x6C 0x00 0x40 0x23 0x4F 0x64 0x32,0x6DB1,ACK
2.3811600000,496,Data,0x203,0x8,0x03 0x00 0x58 0x00 0x58 0x00 0x00 0x00,0x4AB9,ACK
2.3814062000,497,Data,0x204,0x8,0x00 0x00 0x00 0x00 0x00 0x00 0x00 0x00,0x79D1,ACK
2.3816623000,498,Data,0x205,0x8,0x00 0x00 0x00 0x00 0x00 0x00 0x00 0x00,0x72CA,ACK
2.3819544000,499,Data,0x209,0x8,0x9F 0x27 0x10 0x04 0x90 0x49 0x00 0x00,0x59C2,ACK
2.3821945000,500,Data,0x20A,0x8,0x00 0x00 0x00 0x00 0x00 0x00 0x00 0x00,0x1B53,ACK
2.3824486000,501,Data,0x20B,0x8,0xBC 0x02 0x64 0x00 0x01 0xC8 0x00 0x00,0x021C,ACK
2.3826948000,502,Data,0x20C,0x8,0x00 0xC8 0x2C 0x34 0x1E 0x07 0x00 0x00,0x0CF3,ACK
2.3829449000,503,Data,0x301,0x8,0x80 0x00 0x03 0x00 0x00 0x00 0x00 0x00,0x498E,ACK
2.3831970000,504,Data,0x302,0x2,0x00 0xFF,0x6FC0,ACK
2.3833411000,505,Data,0x485,0x8,0x22 0x00 0x00 0x00 0x0C 0x02 0x48 0x0C,0x1FCE,ACK
2.3835853000,506,Data,0x480,0x8,0x00 0x00 0x00 0x00 0x20 0x00 0x00 0x00,0x2C46,ACK
2.3838434000,507,Data,0x481,0x8,0x50 0x0A 0x40 0x08 0x00 0x00 0x00 0x00,0x46C7,ACK
2.3840935000,508,Data,0x482,0x8,0x52 0x01 0x02 0x00 0x00 0x00 0x00 0x00,0x36EA,ACK
2.3843416000,509,Data,0x483,0x8,0x31 0x4B 0x31 0x55 0x41 0x32 0x35 0x35,0x717E,ACK
2.3845757000,510,Data,0x484,0x8,0x31 0x50 0x33 0x39 0x36 0x35 0x00 0x00,0x0196,ACK
2.4008776000,511,Data,0x100,0x8,0x00 0x6E 0x00 0x40 0x23 0x4F 0x64 0x32,0x44CA,ACK
2.4208796000,512,Data,0x100,0x8,0x00 0x6F 0x00 0x40 0x23 0x4F 0x64 0x32,0x32BB,ACK
2.4408776000,513,Data,0x100,0x8,0x00 0x6F 0x00 0x40 0x23 0x4F 0x64 0x32,0x32BB,ACK
2.4576775000,514,Data,0x212,0x8,0x52 0x01 0x00 0xC9 0x00 0x00 0x00 0x29,0x277C,ACK
2.4579397000,515,Data,0x211,0x8,0xE4 0x00 0x29 0x00 0x00 0x00 0x00 0x00,0x2F39,ACK
2.4581980000,516,Data,0x343,0x8,0x00 0x00 0x00 0x00 0x00 0x00 0x00 0x00,0x33F5,ACK
2.4584782000,517,Data,0x341,0x8,0x00 0x00 0x00 0x00 0x02 0x00 0x00 0x00,0x1833,ACK
2.4587545000,518,Data,0x342,0x8,0x23 0x00 0x64 0x00 0x00 0xC8 0x16 0x34,0x40B9,ACK
2.4590147000,519,Data,0x344,0x8,0x00 0x00 0x00 0x03 0x00 0x00 0x00 0x00,0x6F15,ACK
2.4608768000,520,Data,0x100,0x8,0x00 0x6F 0x00 0x40 0x23 0x4F 0x64 0x32,0x32BB,ACK
2.4808948000,521,Data,0x100,0x8,0x00 0x71 0x00 0x40 0x23 0x4F 0x64 0x32,0x2C30,ACK
2.4811330000,522,Data,0x203,0x8,0x03 0x00 0x58 0x00 0x58 0x00 0x00 0x00,0x4AB9,ACK
2.4813773000,523,Data,0x204,0x8,0x00 0x00 0x00 0x00 0x00 0x00 0x00 0x00,0x79D1,ACK
2.4816355000,524,Data,0x205,0x8,0x00 0x00 0x00 0x00 0x00 0x00 0x00 0x00,0x72CA,ACK
2.4819538000,525,Data,0x209,0x8,0x9F 0x27 0x10 0x04 0x90 0x49 0x00 0x00,0x59C2,ACK
2.4821940000,526,Data,0x20A,0x8,0x00 0x00 0x00 0x00 0x00 0x00 0x00 0x00,0x1B53,ACK
2.4824483000,527,Data,0x20B,0x8,0xBC 0x02 0x64 0x00 0x01 0xC8 0x00 0x00,0x021C,ACK
2.4826925000,528,Data,0x20C,0x8,0x00 0xC8 0x2C 0x34 0x1E 0x07 0x00 0x00,0x0CF3,ACK
2.5008785000,529,Data,0x100,0x8,0x00 0x73 0x00 0x40 0x23 0x4F 0x64 0x32,0x054B,ACK
2.5191007000,530,Data,0x311,0x8,0x39 0x1E 0x07 0x3F 0x90 0x01 0x00 0x00,0x66BC,ACK
2.5208769000,531,Data,0x100,0x8,0x00 0x73 0x00 0x40 0x23 0x4F 0x64 0x32,0x054B,ACK
2.5246470000,532,Data,0x310,0x8,0xF1 0x0E 0x78 0x05 0x1A 0x02 0x01 0xC8,0x14DD,ACK
2.5408650000,533,Data,0x100,0x8,0x00 0x73 0x00 0x40 0x23 0x4F 0x64 0x32,0x054B,ACK
2.5576588000,534,Data,0x212,0x8,0x52 0x01 0x00 0xC9 0x00 0x00 0x00 0x29,0x277C,ACK
2.5579210000,535,Data,0x211,0x8,0xE4 0x00 0x29 0x00 0x00 0x00 0x00 0x00,0x2F39,ACK
2.5581813000,536,Data,0x343,0x8,0x00 0x00 0x00 0x00 0x00 0x00 0x00 0x00,0x33F5,ACK
2.5608654000,537,Data,0x100,0x8,0x00 0x73 0x00 0x40 0x23 0x4F 0x64 0x32,0x054B,ACK
2.5809034000,538,Data,0x100,0x8,0x00 0x73 0x00 0x40 0x23 0x4F 0x64 0x32,0x054B,ACK
2.5811435000,539,Data,0x203,0x8,0x03 0x00 0x58 0x00 0x58 0x00 0x00 0x00,0x4AB9,ACK
2.5813897000,540,Data,0x204,0x8,0x00 0x00 0x00 0x00 0x00 0x00 0x00 0x00,0x79D1,ACK
2.5816458000,541,Data,0x205,0x8,0x00 0x00 0x00 0x00 0x00 0x00 0x00 0x00,0x72CA,ACK
2.5819419000,542,Data,0x209,0x8,0x9F 0x27 0x10 0x04 0x90 0x49 0x00 0x00,0x59C2,ACK
2.5821840000,543,Data,0x20A,0x8,0x00 0x00 0x00 0x00 0x00 0x00 0x00 0x00,0x1B53,ACK
2.5824382000,544,Data,0x20B,0x8,0xBC 0x02 0x64 0x00 0x01 0xC8 0x00 0x00,0x021C,ACK
2.5826823000,545,Data,0x20C,0x8,0x00 0xC8 0x2C 0x34 0x1E 0x07 0x00 0x00,0x0CF3,ACK
2.5829304000,546,Data,0x301,0x8,0x80 0x00 0x03 0x00 0x00 0x00 0x00 0x00,0x498E,ACK
2.5831845000,547,Data,0x302,0x2,0x00 0xFF,0x6FC0,ACK
2.5833286000,548,Data,0x485,0x8,0x22 0x00 0x00 0x00 0x0C 0x02 0x48 0x0C,0x1FCE,ACK
2.6008765000,549,Data,0x100,0x8,0x00 0x73 0x00 0x40 0x23 0x4F 0x64 0x32,0x054B,ACK
2.6208765000,550,Data,0x100,0x8,0x00 0x74 0x00 0x40 0x23 0x4F 0x64 0x32,0x08B7,ACK
2.6406666000,551,Data,0x420,0x8,0xA9 0x14 0xF8 0xFF 0x70 0x03 0x00 0x00,0x696B,ACK
2.6409047000,552,Data,0x100,0x8,0x00 0x74 0x00 0x40 0x23 0x4F 0x64 0x32,0x08B7,ACK
2.6411409000,553,Data,0x421,0x8,0x38 0x36 0x31 0x34 0xFB 0x04 0x62 0x04,0x00AE,ACK
2.6413751000,554,Data,0x422,0x8,0x00 0x00 0x20 0x00 0x15 0x00 0x02 0x00,0x33F1,ACK
2.6416214000,555,Data,0x500,0x8,0x47 0x48 0x48 0xFF 0x48 0x48 0x48 0xFF,0x281A,ACK
2.6418536000,556,Data,0x423,0x8,0xBC 0x02 0x64 0x00 0x3C 0x00 0x01 0x00,0x500B,ACK
2.6425079000,557,Data,0x424,0x8,0x6D 0x31 0x4D 0x69 0x00 0x00 0x00 0x00,0x23CB,ACK
2.6427441000,558,Data,0x425,0x8,0x01 0x64 0x48 0x58 0x58 0x58 0x01 0xFF,0x1AD8,ACK
2.6429784000,559,Data,0x429,0x8,0x20 0x00 0x00 0x00 0x00 0x00 0x00 0x00,0x7AC7,ACK
2.6577002000,560,Data,0x212,0x8,0x52 0x01 0x00 0xC9 0x00 0x00 0x00 0x29,0x277C,ACK
2.6579585000,561,Data,0x211,0x8,0xE4 0x00 0x29 0x00 0x00 0x00 0x00 0x00,0x2F39,ACK
2.6582187000,562,Data,0x343,0x8,0x00 0x00 0x00 0x00 0x00 0x00 0x00 0x00,0x33F5,ACK
2.6584990000,563,Data,0x341,0x8,0x00 0x00 0x00 0x00 0x02 0x00 0x00 0x00,0x1833,ACK
2.6587772000,564,Data,0x342,0x8,0x23 0x00 0x64 0x00 0x00 0xC8 0x16 0x34,0x40B9,ACK
2.6590595000,565,Data,0x344,0x8,0x00 0x00 0x00 0x03 0x00 0x00 0x00 0x00,0x6F15,ACK
2.6593157000,566,Data,0x401,0x8,0x00 0x00 0x34 0x00 0x05 0x2A 0x00 0x00,0x4E01,ACK
2.6608758000,567,Data,0x100,0x8,0x00 0x73 0x00 0x40 0x23 0x4F 0x64 0x32,0x054B,ACK
2.6808958000,568,Data,0x100,0x8,0x00 0x73 0x00 0x40 0x23 0x4F 0x64 0x32,0x054B,ACK
2.6811360000,569,Data,0x203,0x8,0x03 0x00 0x58 0x00 0x58 0x00 0x00 0x00,0x4AB9,ACK
2.6813823000,570,Data,0x204,0x8,0x00 0x00 0x00 0x00 0x00 0x00 0x00 0x00,0x79D1,ACK
2.6816385000,571,Data,0x205,0x8,0x00 0x00 0x00 0x00 0x00 0x00 0x00 0x00,0x72CA,ACK
2.6819508000,572,Data,0x209,0x8,0x9F 0x27 0x10 0x04 0x90 0x49 0x00 0x00,0x59C2,ACK
2.6821910000,573,Data,0x20A,0x8,0x00 0x00 0x00 0x00 0x00 0x00 0x00 0x00,0x1B53,ACK
2.6824453000,574,Data,0x20B,0x8,0xBC 0x02 0x64 0x00 0x01 0xC8 0x00 0x00,0x021C,ACK
2.6826895000,575,Data,0x20C,0x8,0x00 0xC8 0x2C 0x34 0x1E 0x07 0x00 0x00,0x0CF3,ACK
2.7008755000,576,Data,0x100,0x8,0x00 0x73 0x00 0x40 0x23 0x4F 0x64 0x32,0x054B,ACK
2.7192757000,577,Data,0x311,0x8,0x39 0x1E 0x07 0x3F 0x90 0x01 0x00 0x00,0x66BC,ACK
2.7208759000,578,Data,0x100,0x8,0x00 0x73 0x00 0x40 0x23 0x4F 0x64 0x32,0x054B,ACK
2.7248040000,579,Data,0x310,0x8,0xF1 0x0E 0x78 0x05 0x1A 0x02 0x01 0xC8,0x14DD,ACK
2.7408758000,580,Data,0x100,0x8,0x00 0x73 0x00 0x40 0x23 0x4F 0x64 0x32,0x054B,ACK
2.7576357000,581,Data,0x212,0x8,0x52 0x01 0x00 0xC9 0x00 0x00 0x00 0x29,0x277C,ACK
2.7579218000,582,Data,0x211,0x8,0xE4 0x00 0x29 0x00 0x00 0x00 0x00 0x00,0x2F39,ACK
2.7581779000,583,Data,0x343,0x8,0x00 0x00 0x00 0x00 0x00 0x00 0x00 0x00,0x33F5,ACK
2.7608620000,584,Data,0x100,0x8,0x00 0x73 0x00 0x40 0x23 0x4F 0x64 0x32,0x054B,ACK
2.7809018000,585,Data,0x100,0x8,0x00 0x73 0x00 0x40 0x23 0x4F 0x64 0x32,0x054B,ACK
2.7811420000,586,Data,0x203,0x8,0x03 0x00 0x58 0x00 0x58 0x00 0x00 0x00,0x4AB9,ACK
2.7813883000,587,Data,0x204,0x8,0x00 0x00 0x00 0x00 0x00 0x00 0x00 0x00,0x79D1,ACK
2.7816465000,588,Data,0x205,0x8,0x00 0x00 0x00 0x00 0x00 0x00 0x00 0x00,0x72CA,ACK
2.7819508000,589,Data,0x209,0x8,0x9F 0x27 0x10 0x04 0x90 0x49 0x00 0x00,0x59C2,ACK
2.7821910000,590,Data,0x20A,0x8,0x00 0x00 0x00 0x00 0x00 0x00 0x00 0x00,0x1B53,ACK
2.7824453000,591,Data,0x20B,0x8,0xBC 0x02 0x64 0x00 0x01 0xC8 0x00 0x00,0x021C,ACK
2.7826895000,592,Data,0x20C,0x8,0x00 0xC8 0x2C 0x34 0x1E 0x07 0x00 0x00,0x0CF3,ACK
2.7829378000,593,Data,0x301,0x8,0x80 0x00 0x03 0x00 0x00 0x00 0x00 0x00,0x498E,ACK
2.7831920000,594,Data,0x302,0x2,0x00 0xFF,0x6FC0,ACK
2.7833383000,595,Data,0x485,0x8,0x22 0x00 0x00 0x00 0x0C 0x02 0x48 0x0C,0x1FCE,ACK
2.8008743000,596,Data,0x100,0x8,0x00 0x73 0x00 0x40 0x23 0x4F 0x64 0x32,0x054B,ACK
2.8208721000,597,Data,0x100,0x8,0x00 0x73 0x00 0x40 0x23 0x4F 0x64 0x32,0x054B,ACK
2.8408741000,598,Data,0x100,0x8,0x00 0x73 0x00 0x40 0x23 0x4F 0x64 0x32,0x054B,ACK
2.8576980000,599,Data,0x212,0x8,0x52 0x01 0x00 0xC9 0x00 0x00 0x00 0x29,0x277C,ACK
2.8579602000,600,Data,0x211,0x8,0xE4 0x00 0x29 0x00 0x00 0x00 0x00 0x00,0x2F39,ACK
2.8582165000,601,Data,0x343,0x8,0x00 0x00 0x00 0x00 0x00 0x00 0x00 0x00,0x33F5,ACK
2.8584787000,602,Data,0x341,0x8,0x00 0x00 0x00 0x00 0x02 0x00 0x00 0x00,0x1833,ACK
2.8587730000,603,Data,0x342,0x8,0x23 0x00 0x64 0x00 0x00 0xC8 0x16 0x34,0x40B9,ACK
2.8590332000,604,Data,0x344,0x8,0x00 0x00 0x00 0x03 0x00 0x00 0x00 0x00,0x6F15,ACK
2.8608713000,605,Data,0x100,0x8,0x00 0x73 0x00 0x40 0x23 0x4F 0x64 0x32,0x054B,ACK
2.8808913000,606,Data,0x100,0x8,0x00 0x73 0x00 0x40 0x23 0x4F 0x64 0x32,0x054B,ACK
2.8811316000,607,Data,0x203,0x8,0x03 0x00 0x58 0x00 0x58 0x00 0x00 0x00,0x4AB9,ACK
2.8813778000,608,Data,0x204,0x8,0x00 0x00 0x00 0x00 0x00 0x00 0x00 0x00,0x79D1,ACK
2.8816360000,609,Data,0x205,0x8,0x00 0x00 0x00 0x00 0x00 0x00 0x00 0x00,0x72CA,ACK
2.8819483000,610,Data,0x209,0x8,0x9F 0x27 0x10 0x04 0x90 0x49 0x00 0x00,0x59C2,ACK
2.8821885000,611,Data,0x20A,0x8,0x00 0x00 0x00 0x00 0x00 0x00 0x00 0x00,0x1B53,ACK
2.8824428000,612,Data,0x20B,0x8,0xBC 0x02 0x64 0x00 0x01 0xC8 0x00 0x00,0x021C,ACK
2.8826890000,613,Data,0x20C,0x8,0x00 0xC8 0x2C 0x34 0x1E 0x07 0x00 0x00,0x0CF3,ACK
2.9008730000,614,Data,0x100,0x8,0x00 0x73 0x00 0x40 0x23 0x4F 0x64 0x32,0x054B,ACK
2.9205952000,615,Data,0x311,0x8,0x39 0x1E 0x07 0x3F 0x90 0x01 0x00 0x00,0x66BC,ACK
2.9208714000,616,Data,0x100,0x8,0x00 0x71 0x00 0x40 0x23 0x4F 0x64 0x32,0x2C30,ACK
2.9261095000,617,Data,0x310,0x8,0xF1 0x0E 0x78 0x05 0x1A 0x02 0x01 0xC8,0x14DD,ACK
2.9408714000,618,Data,0x100,0x8,0x00 0x6F 0x00 0x40 0x23 0x4F 0x64 0x32,0x32BB,ACK
2.9576752000,619,Data,0x212,0x8,0x52 0x01 0x00 0xC9 0x00 0x00 0x00 0x29,0x277C,ACK
2.9579353000,620,Data,0x211,0x8,0xE4 0x00 0x29 0x00 0x00 0x00 0x00 0x00,0x2F39,ACK
2.9581955000,621,Data,0x343,0x8,0x00 0x00 0x00 0x00 0x00 0x00 0x00 0x00,0x33F5,ACK
2.9608696000,622,Data,0x100,0x8,0x00 0x6C 0x00 0x40 0x23 0x4F 0x64 0x32,0x6DB1,ACK
2.9808976000,623,Data,0x100,0x8,0x00 0x67 0x00 0x40 0x23 0x4F 0x64 0x32,0x52CE,ACK
2.9811358000,624,Data,0x203,0x8,0x03 0x00 0x58 0x00 0x58 0x00 0x00 0x00,0x4AB9,ACK
2.9813821000,625,Data,0x204,0x8,0x00 0x00 0x00 0x00 0x00 0x00 0x00 0x00,0x79D1,ACK
2.9816383000,626,Data,0x205,0x8,0x00 0x00 0x00 0x00 0x00 0x00 0x00 0x00,0x72CA,ACK
2.9819465000,627,Data,0x209,0x8,0x9F 0x27 0x10 0x04 0x90 0x49 0x00 0x00,0x59C2,ACK
2.9821868000,628,Data,0x20A,0x8,0x00 0x00 0x00 0x00 0x00 0x00 0x00 0x00,0x1B53,ACK
2.9824410000,629,Data,0x20B,0x8,0xBC 0x02 0x64 0x00 0x01 0xC8 0x00 0x00,0x021C,ACK
2.9826853000,630,Data,0x20C,0x8,0x00 0xC8 0x2C 0x34 0x1E 0x07 0x00 0x00,0x0CF3,ACK
2.9829335000,631,Data,0x301,0x8,0x80 0x00 0x03 0x00 0x00 0x00 0x00 0x00,0x498E,ACK
2.9831878000,632,Data,0x302,0x2,0x00 0xFF,0x6FC0,ACK
2.9833320000,633,Data,0x485,0x8,0x22 0x00 0x00 0x00 0x0C 0x02 0x48 0x0C,0x1FCE,ACK
3.0008720000,634,Data,0x100,0x8,0x00 0x64 0x00 0x40 0x23 0x4F 0x64 0x32,0x0DC4,ACK
3.0208700000,635,Data,0x100,0x8,0x00 0x5F 0x00 0x40 0x23 0x4F 0x64 0x32,0x3D2E,ACK
3.0408580000,636,Data,0x100,0x8,0x00 0x5B 0x00 0x40 0x23 0x4F 0x64 0x32,0x6FD8,ACK
3.0576659000,637,Data,0x212,0x8,0x52 0x01 0x00 0xC9 0x00 0x00 0x00 0x29,0x277C,ACK
3.0579281000,638,Data,0x211,0x8,0xE4 0x00 0x29 0x00 0x00 0x00 0x00 0x00,0x2F39,ACK
3.0581883000,639,Data,0x343,0x8,0x00 0x00 0x00 0x00 0x00 0x00 0x00 0x00,0x33F5,ACK
3.0584665000,640,Data,0x341,0x8,0x00 0x00 0x00 0x00 0x02 0x00 0x00 0x00,0x1833,ACK
3.0587447000,641,Data,0x342,0x8,0x23 0x00 0x64 0x00 0x00 0xC8 0x16 0x34,0x40B9,ACK
3.0590010000,642,Data,0x344,0x8,0x00 0x00 0x00 0x03 0x00 0x00 0x00 0x00,0x6F15,ACK
3.0608691000,643,Data,0x100,0x8,0x00 0x56 0x00 0x40 0x23 0x4F 0x64 0x32,0x2B2A,ACK
3.0808889000,644,Data,0x100,0x8,0x00 0x51 0x00 0x40 0x23 0x4F 0x64 0x32,0x26D6,ACK
3.0811292000,645,Data,0x203,0x8,0x03 0x00 0x58 0x00 0x58 0x00 0x00 0x00,0x4AB9,ACK
3.0813774000,646,Data,0x204,0x8,0x00 0x00 0x00 0x00 0x00 0x00 0x00 0x00,0x79D1,ACK
3.0816337000,647,Data,0x205,0x8,0x00 0x00 0x00 0x00 0x00 0x00 0x00 0x00,0x72CA,ACK
3.0819479000,648,Data,0x209,0x8,0x9F 0x27 0x10 0x04 0x90 0x49 0x00 0x00,0x59C2,ACK
3.0821902000,649,Data,0x20A,0x8,0x00 0x00 0x00 0x00 0x00 0x00 0x00 0x00,0x1B53,ACK
3.0824444000,650,Data,0x20B,0x8,0xBC 0x02 0x64 0x00 0x01 0xC8 0x00 0x00,0x021C,ACK
3.0826887000,651,Data,0x20C,0x8,0x00 0xC8 0x2C 0x34 0x1E 0x07 0x00 0x00,0x0CF3,ACK
3.1008687000,652,Data,0x100,0x8,0x00 0x50 0x00 0x40 0x23 0x4F 0x64 0x32,0x50A7,ACK
3.1208686000,653,Data,0x100,0x8,0x00 0x4E 0x00 0x40 0x23 0x4F 0x64 0x32,0x4E2C,ACK
3.1211047000,654,Data,0x311,0x8,0x39 0x1E 0x07 0x3F 0x90 0x01 0x00 0x00,0x66BC,ACK
3.1265770000,655,Data,0x310,0x8,0xF1 0x0E 0x78 0x05 0x1A 0x02 0x01 0xC8,0x14DD,ACK
3.1405712000,656,Data,0x420,0x8,0xA9 0x14 0x00 0x00 0x70 0x03 0x00 0x00,0x3CD8,ACK
3.1408115000,657,Data,0x421,0x8,0x38 0x36 0x31 0x34 0xFB 0x04 0x62 0x04,0x00AE,ACK
3.1410456000,658,Data,0x100,0x8,0x00 0x4B 0x00 0x40 0x23 0x4F 0x64 0x32,0x6AAB,ACK
3.1415197000,659,Data,0x423,0x8,0xBC 0x02 0x64 0x00 0x3C 0x00 0x01 0x00,0x500B,ACK
3.1424000000,660,Data,0x425,0x8,0x01 0x64 0x48 0x58 0x58 0x58 0x01 0xFF,0x1AD8,ACK
3.1426342000,661,Data,0x429,0x8,0x20 0x00 0x00 0x00 0x00 0x00 0x00 0x00,0x7AC7,ACK
3.1433605000,662,Data,0x422,0x8,0x00 0x00 0x20 0x00 0x15 0x00 0x02 0x00,0x33F1,ACK
3.1576584000,663,Data,0x212,0x8,0x52 0x01 0x00 0xC9 0x00 0x00 0x00 0x29,0x277C,ACK
3.1579445000,664,Data,0x211,0x8,0xE4 0x00 0x29 0x00 0x00 0x00 0x00 0x00,0x2F39,ACK
3.1582008000,665,Data,0x343,0x8,0x00 0x00 0x00 0x00 0x00 0x00 0x00 0x00,0x33F5,ACK
3.1584610000,666,Data,0x401,0x8,0x00 0x00 0x34 0x00 0x05 0x2A 0x00 0x00,0x4E01,ACK
3.1608571000,667,Data,0x100,0x8,0x00 0x46 0x00 0x40 0x23 0x4F 0x64 0x32,0x2E59,ACK
3.1808951000,668,Data,0x100,0x8,0x00 0x41 0x00 0x40 0x23 0x4F 0x64 0x32,0x23A5,ACK
3.1811373000,669,Data,0x203,0x8,0x03 0x00 0x58 0x00 0x58 0x00 0x00 0x00,0x4AB9,ACK
3.1813836000,670,Data,0x204,0x8,0x00 0x00 0x00 0x00 0x00 0x00 0x00 0x00,0x79D1,ACK
3.1816398000,671,Data,0x205,0x8,0x00 0x00 0x00 0x00 0x00 0x00 0x00 0x00,0x72CA,ACK
3.1819440000,672,Data,0x209,0x8,0x9F 0x27 0x10 0x04 0x90 0x49 0x00 0x00,0x59C2,ACK
3.1821843000,673,Data,0x20A,0x8,0x00 0x00 0x00 0x00 0x00 0x00 0x00 0x00,0x1B53,ACK
3.1824385000,674,Data,0x20B,0x8,0xBC 0x02 0x64 0x00 0x01 0xC8 0x00 0x00,0x021C,ACK
3.1826848000,675,Data,0x20C,0x8,0x00 0xC8 0x2C 0x34 0x1E 0x07 0x00 0x00,0x0CF3,ACK
3.1829350000,676,Data,0x301,0x8,0x80 0x00 0x03 0x00 0x00 0x00 0x00 0x00,0x498E,ACK
3.1831873000,677,Data,0x302,0x2,0x00 0xFF,0x6FC0,ACK
3.1833315000,678,Data,0x485,0x8,0x22 0x00 0x00 0x00 0x0C 0x02 0x48 0x0C,0x1FCE,ACK
3.2008675000,679,Data,0x100,0x8,0x00 0x32 0x00 0x40 0x23 0x4F 0x64 0x32,0x66F6,ACK
3.2208675000,680,Data,0x100,0x8,0x00 0x24 0x00 0x40 0x23 0x4F 0x64 0x32,0x1808,ACK
3.2408675000,681,Data,0x100,0x8,0x00 0x15 0x00 0x40 0x23 0x4F 0x64 0x32,0x61EC,ACK
3.2576773000,682,Data,0x212,0x8,0x52 0x01 0x00 0xC9 0x00 0x00 0x00 0x29,0x277C,ACK
3.2579376000,683,Data,0x211,0x8,0xE4 0x00 0x29 0x00 0x00 0x00 0x00 0x00,0x2F39,ACK
3.2581958000,684,Data,0x343,0x8,0x00 0x00 0x00 0x00 0x00 0x00 0x00 0x00,0x33F5,ACK
3.2584761000,685,Data,0x341,0x8,0x00 0x00 0x00 0x00 0x02 0x00 0x00 0x00,0x1833,ACK
3.2587522000,686,Data,0x342,0x8,0x23 0x00 0x64 0x00 0x00 0xC8 0x16 0x34,0x40B9,ACK
3.2590125000,687,Data,0x344,0x8,0x00 0x00 0x00 0x03 0x00 0x00 0x00 0x00,0x6F15,ACK
3.2608666000,688,Data,0x100,0x8,0x00 0x0A 0x00 0x40 0x23 0x4F 0x64 0x32,0x0916,ACK
3.2808846000,689,Data,0x100,0x8,0x00 0x00 0x00 0x40 0x23 0x4F 0x64 0x32,0x4018,ACK
3.2811288000,690,Data,0x203,0x8,0x03 0x00 0x58 0x00 0x58 0x00 0x00 0x00,0x4AB9,ACK
3.2813771000,691,Data,0x204,0x8,0x00 0x00 0x00 0x00 0x00 0x00 0x00 0x00,0x79D1,ACK
3.2816333000,692,Data,0x205,0x8,0x00 0x00 0x00 0x00 0x00 0x00 0x00 0x00,0x72CA,ACK
3.2819435000,693,Data,0x209,0x8,0x9F 0x27 0x10 0x04 0x90 0x49 0x00 0x00,0x59C2,ACK
3.2821838000,694,Data,0x20A,0x8,0x00 0x00 0x00 0x00 0x00 0x00 0x00 0x00,0x1B53,ACK
3.2824380000,695,Data,0x20B,0x8,0xBC 0x02 0x64 0x00 0x01 0xC8 0x00 0x00,0x021C,ACK
3.2826823000,696,Data,0x20C,0x8,0x00 0xC4 0x2C 0x34 0x1E 0x07 0x00 0x00,0x3E70,ACK
3.3008663000,697,Data,0x100,0x8,0x00 0x00 0x00 0x40 0x23 0x4F 0x64 0x32,0x4018,ACK
3.3207125000,698,Data,0x311,0x8,0x39 0x1E 0x07 0x3F 0x90 0x01 0x00 0x00,0x66BC,ACK
3.3209506000,699,Data,0x100,0x8,0x00 0x00 0x00 0x40 0x23 0x4F 0x64 0x32,0x4018,ACK
3.3282607000,700,Data,0x310,0x8,0xF1 0x0E 0x78 0x05 0x1A 0x02 0x01 0xC8,0x14DD,ACK
3.3408666000,701,Data,0x100,0x8,0x00 0x00 0x00 0x40 0x23 0x4F 0x64 0x32,0x4018,ACK
3.3576705000,702,Data,0x212,0x8,0x52 0x01 0x00 0xC9 0x00 0x00 0x00 0x29,0x277C,ACK
3.3579288000,703,Data,0x211,0x8,0xE4 0x00 0x29 0x00 0x00 0x00 0x00 0x00,0x2F39,ACK
3.3582110000,704,Data,0x343,0x8,0x00 0x00 0x00 0x00 0x00 0x00 0x00 0x00,0x33F5,ACK
3.3608631000,705,Data,0x100,0x8,0x00 0x00 0x00 0x40 0x23 0x4F 0x64 0x32,0x4018,ACK
3.3809071000,706,Data,0x100,0x8,0x00 0x00 0x00 0x40 0x23 0x4F 0x64 0x32,0x4018,ACK
3.3811533000,707,Data,0x203,0x8,0x03 0x00 0x58 0x00 0x58 0x00 0x00 0x00,0x4AB9,ACK
3.3813996000,708,Data,0x204,0x8,0x00 0x00 0x00 0x00 0x00 0x00 0x00 0x00,0x79D1,ACK
3.3816558000,709,Data,0x205,0x8,0x00 0x00 0x00 0x00 0x00 0x00 0x00 0x00,0x72CA,ACK
3.3819421000,710,Data,0x209,0x8,0x9F 0x27 0x10 0x04 0x90 0x49 0x00 0x00,0x59C2,ACK
3.3821843000,711,Data,0x20A,0x8,0x00 0x00 0x00 0x00 0x00 0x00 0x00 0x00,0x1B53,ACK
3.3824385000,712,Data,0x20B,0x8,0xBC 0x02 0x64 0x00 0x01 0xC8 0x00 0x00,0x021C,ACK
3.3826848000,713,Data,0x20C,0x8,0x00 0xC4 0x2C 0x34 0x1E 0x07 0x00 0x00,0x3E70,ACK
3.3829350000,714,Data,0x301,0x8,0x80 0x00 0x03 0x00 0x00 0x00 0x00 0x00,0x498E,ACK
3.3831873000,715,Data,0x302,0x2,0x00 0xFF,0x6FC0,ACK
3.3833315000,716,Data,0x485,0x8,0x22 0x00 0x00 0x00 0x0C 0x02 0x48 0x0C,0x1FCE,ACK
3.3835758000,717,Data,0x480,0x8,0x00 0x00 0x00 0x00 0x20 0x00 0x00 0x00,0x2C46,ACK
3.3838320000,718,Data,0x481,0x8,0x50 0x0A 0x40 0x08 0x00 0x00 0x00 0x00,0x46C7,ACK
3.3840803000,719,Data,0x482,0x8,0x52 0x01 0x02 0x00 0x00 0x00 0x00 0x00,0x36EA,ACK
3.3843285000,720,Data,0x483,0x8,0x31 0x4B 0x31 0x55 0x41 0x32 0x35 0x35,0x717E,ACK
3.3845628000,721,Data,0x484,0x8,0x31 0x50 0x33 0x39 0x36 0x35 0x00 0x00,0x0196,ACK
3.4008668000,722,Data,0x100,0x8,0x00 0x00 0x00 0x40 0x23 0x4F 0x64 0x32,0x4018,ACK
3.4208648000,723,Data,0x100,0x8,0x00 0x00 0x00 0x40 0x23 0x4F 0x64 0x32,0x4018,ACK
3.4408626000,724,Data,0x100,0x8,0x00 0x00 0x00 0x40 0x23 0x4F 0x64 0x32,0x4018,ACK
3.4576485000,725,Data,0x212,0x8,0x52 0x01 0x00 0xC9 0x00 0x00 0x00 0x29,0x277C,ACK
3.4579347000,726,Data,0x211,0x8,0xE4 0x00 0x29 0x00 0x00 0x00 0x00 0x00,0x2F39,ACK
3.4581950000,727,Data,0x343,0x8,0x00 0x00 0x00 0x00 0x00 0x00 0x00 0x00,0x33F5,ACK
3.4584532000,728,Data,0x341,0x8,0x00 0x00 0x00 0x00 0x02 0x00 0x00 0x00,0x1833,ACK
3.4587535000,729,Data,0x342,0x8,0x23 0x00 0x64 0x00 0x00 0xC4 0x16 0x34,0x5886,ACK
3.4590097000,730,Data,0x344,0x8,0x00 0x00 0x00 0x03 0x00 0x00 0x00 0x00,0x6F15,ACK
3.4608638000,731,Data,0x100,0x8,0x00 0x00 0x00 0x40 0x23 0x4F 0x64 0x32,0x4018,ACK
3.4808838000,732,Data,0x100,0x8,0x00 0x00 0x00 0x40 0x23 0x4F 0x64 0x32,0x4018,ACK
3.4811299000,733,Data,0x203,0x8,0x03 0x00 0x58 0x00 0x58 0x00 0x00 0x00,0x4AB9,ACK
3.4813782000,734,Data,0x204,0x8,0x00 0x00 0x00 0x00 0x00 0x00 0x00 0x00,0x79D1,ACK
3.4816344000,735,Data,0x205,0x8,0x00 0x00 0x00 0x00 0x00 0x00 0x00 0x00,0x72CA,ACK
3.4819287000,736,Data,0x209,0x8,0x9F 0x27 0x10 0x04 0x90 0x49 0x00 0x00,0x59C2,ACK
3.4821689000,737,Data,0x20A,0x8,0x00 0x00 0x00 0x00 0x00 0x00 0x00 0x00,0x1B53,ACK
3.4824252000,738,Data,0x20B,0x8,0xBC 0x02 0x64 0x00 0x01 0xC8 0x00 0x00,0x021C,ACK
3.4826694000,739,Data,0x20C,0x8,0x00 0xC4 0x2C 0x34 0x1E 0x07 0x00 0x00,0x3E70,ACK
3.5008514000,740,Data,0x100,0x8,0x00 0x00 0x00 0x40 0x23 0x4F 0x64 0x32,0x4018,ACK
3.5203337000,741,Data,0x311,0x8,0x39 0x1E 0x07 0x3F 0x90 0x01 0x00 0x00,0x66BC,ACK
3.5208638000,742,Data,0x100,0x8,0x00 0x00 0x00 0x40 0x23 0x4F 0x64 0x32,0x4018,ACK
3.5279039000,743,Data,0x310,0x8,0xF1 0x0E 0x78 0x05 0x1A 0x02 0x01 0xC8,0x14DD,ACK
3.5408639000,744,Data,0x100,0x8,0x00 0x00 0x00 0x40 0x23 0x4F 0x64 0x32,0x4018,ACK
3.5576598000,745,Data,0x212,0x8,0x52 0x01 0x00 0xC9 0x00 0x00 0x00 0x29,0x277C,ACK
3.5579240000,746,Data,0x211,0x8,0xE4 0x00 0x29 0x00 0x00 0x00 0x00 0x00,0x2F39,ACK
3.5581803000,747,Data,0x343,0x8,0x00 0x00 0x00 0x00 0x00 0x00 0x00 0x00,0x33F5,ACK
3.5608623000,748,Data,0x100,0x8,0x00 0x00 0x00 0x40 0x23 0x4F 0x64 0x32,0x4018,ACK
3.5808883000,749,Data,0x100,0x8,0x00 0x00 0x00 0x40 0x23 0x4F 0x64 0x32,0x4018,ACK
3.5811326000,750,Data,0x203,0x8,0x03 0x00 0x58 0x00 0x58 0x00 0x00 0x00,0x4AB9,ACK
3.5813788000,751,Data,0x204,0x8,0x00 0x00 0x00 0x00 0x00 0x00 0x00 0x00,0x79D1,ACK
3.5816351000,752,Data,0x205,0x8,0x00 0x00 0x00 0x00 0x00 0x00 0x00 0x00,0x72CA,ACK
3.5819393000,753,Data,0x209,0x8,0x9F 0x27 0x10 0x04 0x90 0x49 0x00 0x00,0x59C2,ACK
3.5821796000,754,Data,0x20A,0x8,0x00 0x00 0x00 0x00 0x00 0x00 0x00 0x00,0x1B53,ACK
3.5824338000,755,Data,0x20B,0x8,0xBC 0x02 0x64 0x00 0x01 0xC8 0x00 0x00,0x021C,ACK
3.5826780000,756,Data,0x20C,0x8,0x00 0xC4 0x2C 0x34 0x1E 0x07 0x00 0x00,0x3E70,ACK
3.5829263000,757,Data,0x301,0x8,0x80 0x00 0x03 0x00 0x00 0x00 0x00 0x00,0x498E,ACK
3.5831785000,758,Data,0x302,0x2,0x00 0xFF,0x6FC0,ACK
3.5833228000,759,Data,0x485,0x8,0x22 0x00 0x00 0x00 0x0C 0x02 0x48 0x0C,0x1FCE,ACK
3.6008628000,760,Data,0x100,0x8,0x00 0x00 0x00 0x40 0x23 0x4F 0x64 0x32,0x4018,ACK
3.6208608000,761,Data,0x100,0x8,0x00 0x00 0x00 0x40 0x23 0x4F 0x64 0x32,0x4018,ACK
3.6398211000,762,Data,0x501,0x8,0xB4 0xC1 0x83 0x58 0x51 0xE5 0xB2 0x6B,0x057E,ACK
3.6400513000,763,Data,0x502,0x8,0x32 0xAC 0x86 0x0E 0x1A 0xB9 0x00 0x00,0x0E93,ACK
3.6407716000,764,Data,0x420,0x8,0xA9 0x14 0xFA 0xFF 0x70 0x03 0x00 0x00,0x5533,ACK
3.6410097000,765,Data,0x100,0x8,0x00 0x00 0x00 0x40 0x23 0x4F 0x64 0x32,0x4018,ACK
3.6412498000,766,Data,0x421,0x8,0x38 0x36 0x31 0x34 0xFB 0x04 0x62 0x04,0x00AE,ACK
3.6417201000,767,Data,0x423,0x8,0xBC 0x02 0x64 0x00 0x3C 0x00 0x01 0x00,0x500B,ACK
3.6424683000,768,Data,0x424,0x8,0x6E 0x31 0x4D 0x69 0x00 0x00 0x00 0x00,0x1F02,ACK
3.6427086000,769,Data,0x425,0x8,0x01 0x64 0x48 0x58 0x58 0x58 0x01 0xFF,0x1AD8,ACK
3.6429428000,770,Data,0x429,0x8,0x20 0x00 0x00 0x00 0x00 0x00 0x00 0x00,0x7AC7,ACK
3.6436411000,771,Data,0x422,0x8,0x00 0x00 0x20 0x00 0x15 0x00 0x02 0x00,0x33F1,ACK
3.6576690000,772,Data,0x212,0x8,0x52 0x01 0x00 0xC9 0x00 0x00 0x00 0x29,0x277C,ACK
3.6579512000,773,Data,0x211,0x8,0xE4 0x00 0x29 0x00 0x00 0x00 0x00 0x00,0x2F39,ACK
3.6582115000,774,Data,0x343,0x8,0x00 0x00 0x00 0x00 0x00 0x00 0x00 0x00,0x33F5,ACK
3.6584717000,775,Data,0x341,0x8,0x00 0x00 0x00 0x00 0x02 0x00 0x00 0x00,0x1833,ACK
3.6587659000,776,Data,0x342,0x8,0x23 0x00 0x64 0x00 0x00 0xC4 0x16 0x34,0x5886,ACK
3.6590262000,777,Data,0x344,0x8,0x00 0x00 0x00 0x03 0x00 0x00 0x00 0x00,0x6F15,ACK
3.6592845000,778,Data,0x401,0x8,0x00 0x00 0x34 0x00 0x05 0x2A 0x00 0x00,0x4E01,ACK
3.6608626000,779,Data,0x100,0x8,0x00 0x00 0x00 0x40 0x23 0x4F 0x64 0x32,0x4018,ACK
3.6808806000,780,Data,0x100,0x8,0x00 0x00 0x00 0x40 0x23 0x4F 0x64 0x32,0x4018,ACK
3.6811247000,781,Data,0x203,0x8,0x03 0x00 0x58 0x00 0x58 0x00 0x00 0x00,0x4AB9,ACK
3.6813728000,782,Data,0x204,0x8,0x00 0x00 0x00 0x00 0x00 0x00 0x00 0x00,0x79D1,ACK
3.6816289000,783,Data,0x205,0x8,0x00 0x00 0x00 0x00 0x00 0x00 0x00 0x00,0x72CA,ACK
3.6819371000,784,Data,0x209,0x8,0x9F 0x27 0x10 0x04 0x90 0x49 0x00 0x00,0x59C2,ACK
3.6821772000,785,Data,0x20A,0x8,0x00 0x00 0x00 0x00 0x00 0x00 0x00 0x00,0x1B53,ACK
3.6824313000,786,Data,0x20B,0x8,0xBC 0x02 0x64 0x00 0x01 0xC8 0x00 0x00,0x021C,ACK
3.6826754000,787,Data,0x20C,0x8,0x00 0xC4 0x2C 0x34 0x1E 0x07 0x00 0x00,0x3E70,ACK
3.7008613000,788,Data,0x100,0x8,0x00 0x00 0x00 0x40 0x23 0x4F 0x64 0x32,0x4018,ACK
3.7208591000,789,Data,0x100,0x8,0x00 0x00 0x00 0x40 0x23 0x4F 0x64 0x32,0x4018,ACK
3.7216514000,790,Data,0x311,0x8,0x39 0x1E 0x07 0x3F 0x90 0x01 0x00 0x00,0x66BC,ACK
3.7291977000,791,Data,0x310,0x8,0xF1 0x0E 0x78 0x05 0x1A 0x02 0x01 0xC8,0x14DD,ACK
3.7408616000,792,Data,0x100,0x8,0x00 0x00 0x00 0x40 0x23 0x4F 0x64 0x32,0x4018,ACK
3.7576855000,793,Data,0x212,0x8,0x52 0x01 0x00 0xC9 0x00 0x00 0x00 0x29,0x277C,ACK
3.7579438000,794,Data,0x211,0x8,0xE4 0x00 0x29 0x00 0x00 0x00 0x00 0x00,0x2F39,ACK
3.7582040000,795,Data,0x343,0x8,0x00 0x00 0x00 0x00 0x00 0x00 0x00 0x00,0x33F5,ACK
3.7608601000,796,Data,0x100,0x8,0x00 0x00 0x00 0x40 0x23 0x4F 0x64 0x32,0x4018,ACK
3.7808861000,797,Data,0x100,0x8,0x00 0x00 0x00 0x40 0x23 0x4F 0x64 0x32,0x4018,ACK
3.7811323000,798,Data,0x203,0x8,0x03 0x00 0x58 0x00 0x58 0x00 0x00 0x00,0x4AB9,ACK
3.7813806000,799,Data,0x204,0x8,0x00 0x00 0x00 0x00 0x00 0x00 0x00 0x00,0x79D1,ACK
3.7816368000,800,Data,0x205,0x8,0x00 0x00 0x00 0x00 0x00 0x00 0x00 0x00,0x72CA,ACK
3.7819371000,801,Data,0x209,0x8,0x9F 0x27 0x10 0x04 0x90 0x49 0x00 0x00,0x59C2,ACK
3.7821773000,802,Data,0x20A,0x8,0x00 0x00 0x00 0x00 0x00 0x00 0x00 0x00,0x1B53,ACK
3.7824336000,803,Data,0x20B,0x8,0xBC 0x02 0x64 0x00 0x01 0xC8 0x00 0x00,0x021C,ACK
3.7826778000,804,Data,0x20C,0x8,0x00 0xC4 0x2C 0x34 0x1E 0x07 0x00 0x00,0x3E70,ACK
3.7829260000,805,Data,0x301,0x8,0x80 0x00 0x03 0x00 0x00 0x00 0x00 0x00,0x498E,ACK
3.7831783000,806,Data,0x302,0x2,0x00 0xFF,0x6FC0,ACK
3.7833225000,807,Data,0x485,0x8,0x22 0x00 0x00 0x00 0x0C 0x02 0x48 0x0C,0x1FCE,ACK
3.8008605000,808,Data,0x100,0x8,0x00 0x00 0x00 0x40 0x23 0x4F 0x64 0x32,0x4018,ACK
3.8208605000,809,Data,0x100,0x8,0x00 0x00 0x00 0x40 0x23 0x4F 0x64 0x32,0x4018,ACK
3.8408605000,810,Data,0x100,0x8,0x00 0x00 0x00 0x40 0x23 0x4F 0x64 0x32,0x4018,ACK
3.8576583000,811,Data,0x212,0x8,0x52 0x01 0x00 0xC9 0x00 0x00 0x00 0x29,0x277C,ACK
3.8579206000,812,Data,0x211,0x8,0xE4 0x00 0x29 0x00 0x00 0x00 0x00 0x00,0x2F39,ACK
3.8581768000,813,Data,0x343,0x8,0x00 0x00 0x00 0x00 0x00 0x00 0x00 0x00,0x33F5,ACK
3.8584371000,814,Data,0x341,0x8,0x00 0x00 0x00 0x00 0x02 0x00 0x00 0x00,0x1833,ACK
3.8587133000,815,Data,0x342,0x8,0x23 0x00 0x64 0x00 0x00 0xC4 0x16 0x34,0x5886,ACK
3.8589716000,816,Data,0x344,0x8,0x00 0x00 0x00 0x03 0x00 0x00 0x00 0x00,0x6F15,ACK
3.8608577000,817,Data,0x100,0x8,0x00 0x00 0x00 0x40 0x23 0x4F 0x64 0x32,0x4018,ACK
3.8808777000,818,Data,0x100,0x8,0x00 0x00 0x00 0x40 0x23 0x4F 0x64 0x32,0x4018,ACK
3.8811218000,819,Data,0x203,0x8,0x03 0x00 0x58 0x00 0x58 0x00 0x00 0x00,0x4AB9,ACK
3.8813679000,820,Data,0x204,0x8,0x00 0x00 0x00 0x00 0x00 0x00 0x00 0x00,0x79D1,ACK
3.8816241000,821,Data,0x205,0x8,0x00 0x00 0x00 0x00 0x00 0x00 0x00 0x00,0x72CA,ACK
3.8819362000,822,Data,0x209,0x8,0x9F 0x27 0x10 0x04 0x90 0x49 0x00 0x00,0x59C2,ACK
3.8821763000,823,Data,0x20A,0x8,0x00 0x00 0x00 0x00 0x00 0x00 0x00 0x00,0x1B53,ACK
3.8824324000,824,Data,0x20B,0x8,0xBC 0x02 0x64 0x00 0x01 0xC8 0x00 0x00,0x021C,ACK
3.8826766000,825,Data,0x20C,0x8,0x00 0xC4 0x2C 0x34 0x1E 0x07 0x00 0x00,0x3E70,ACK
3.9008604000,826,Data,0x100,0x8,0x00 0x00 0x00 0x40 0x23 0x4F 0x64 0x32,0x4018,ACK
3.9208584000,827,Data,0x100,0x8,0x00 0x00 0x00 0x40 0x23 0x4F 0x64 0x32,0x4018,ACK
3.9215767000,828,Data,0x311,0x8,0x39 0x1E 0x07 0x3F 0x90 0x01 0x00 0x00,0x66BC,ACK
3.9291229000,829,Data,0x310,0x8,0xF1 0x0E 0x78 0x05 0x1A 0x02 0x01 0xC8,0x14DD,ACK
3.9408569000,830,Data,0x100,0x8,0x00 0x00 0x00 0x40 0x23 0x4F 0x64 0x32,0x4018,ACK
3.9576428000,831,Data,0x212,0x8,0x52 0x01 0x00 0xC9 0x00 0x00 0x00 0x29,0x277C,ACK
3.9579050000,832,Data,0x211,0x8,0xE4 0x00 0x29 0x00 0x00 0x00 0x00 0x00,0x2F39,ACK
3.9581633000,833,Data,0x343,0x8,0x00 0x00 0x00 0x00 0x00 0x00 0x00 0x00,0x33F5,ACK
3.9608574000,834,Data,0x100,0x8,0x00 0x00 0x00 0x40 0x23 0x4F 0x64 0x32,0x4018,ACK
3.9808853000,835,Data,0x100,0x8,0x00 0x00 0x00 0x40 0x23 0x4F 0x64 0x32,0x4018,ACK
3.9811296000,836,Data,0x203,0x8,0x03 0x00 0x58 0x00 0x58 0x00 0x00 0x00,0x4AB9,ACK
3.9813758000,837,Data,0x204,0x8,0x00 0x00 0x00 0x00 0x00 0x00 0x00 0x00,0x79D1,ACK
3.9816321000,838,Data,0x205,0x8,0x00 0x00 0x00 0x00 0x00 0x00 0x00 0x00,0x72CA,ACK
3.9819343000,839,Data,0x209,0x8,0x9F 0x27 0x10 0x04 0x90 0x49 0x00 0x00,0x59C2,ACK
3.9821746000,840,Data,0x20A,0x8,0x00 0x00 0x00 0x00 0x00 0x00 0x00 0x00,0x1B53,ACK
3.9824288000,841,Data,0x20B,0x8,0xBC 0x02 0x64 0x00 0x01 0xC8 0x00 0x00,0x021C,ACK
3.9826731000,842,Data,0x20C,0x8,0x00 0xC4 0x2C 0x34 0x1E 0x07 0x00 0x00,0x3E70,ACK
3.9829213000,843,Data,0x301,0x8,0x80 0x00 0x03 0x00 0x00 0x00 0x00 0x00,0x498E,ACK
3.9831756000,844,Data,0x302,0x2,0x00 0xFF,0x6FC0,ACK
3.9833218000,845,Data,0x485,0x8,0x22 0x00 0x00 0x00 0x0C 0x02 0x48 0x0C,0x1FCE,ACK
4.0008558000,846,Data,0x100,0x8,0x00 0x00 0x00 0x40 0x23 0x4F 0x64 0x32,0x4018,ACK
4.0208558000,847,Data,0x100,0x8,0x00 0x00 0x00 0x40 0x23 0x4F 0x64 0x32,0x4018,ACK
4.0408558000,848,Data,0x100,0x8,0x00 0x00 0x00 0x40 0x23 0x4F 0x64 0x32,0x4018,ACK
4.0576796000,849,Data,0x212,0x8,0x52 0x01 0x00 0xC9 0x00 0x00 0x00 0x29,0x277C,ACK
4.0579377000,850,Data,0x211,0x8,0xE4 0x00 0x29 0x00 0x00 0x00 0x00 0x00,0x2F39,ACK
4.0581978000,851,Data,0x343,0x8,0x00 0x00 0x00 0x00 0x00 0x00 0x00 0x00,0x33F5,ACK
4.0584799000,852,Data,0x341,0x8,0x00 0x00 0x00 0x00 0x02 0x00 0x00 0x00,0x1833,ACK
4.0587541000,853,Data,0x342,0x8,0x23 0x00 0x64 0x00 0x00 0xC4 0x16 0x34,0x5886,ACK
4.0589922000,854,Data,0x344,0x8,0x00 0x00 0x00 0x03 0x00 0x00 0x00 0x00,0x6F15,ACK
4.0608542000,855,Data,0x100,0x8,0x00 0x00 0x00 0x40 0x23 0x4F 0x64 0x32,0x4018,ACK
4.0808741000,856,Data,0x100,0x8,0x00 0x00 0x00 0x40 0x23 0x4F 0x64 0x32,0x4018,ACK
4.0811183000,857,Data,0x203,0x8,0x03 0x00 0x58 0x00 0x58 0x00 0x00 0x00,0x4AB9,ACK
4.0813646000,858,Data,0x204,0x8,0x00 0x00 0x00 0x00 0x00 0x00 0x00 0x00,0x79D1,ACK
4.0816208000,859,Data,0x205,0x8,0x00 0x00 0x00 0x00 0x00 0x00 0x00 0x00,0x72CA,ACK
4.0819211000,860,Data,0x209,0x8,0x9F 0x27 0x10 0x04 0x90 0x49 0x00 0x00,0x59C2,ACK
4.0821633000,861,Data,0x20A,0x8,0x00 0x00 0x00 0x00 0x00 0x00 0x00 0x00,0x1B53,ACK
4.0824176000,862,Data,0x20B,0x8,0xBC 0x02 0x64 0x00 0x01 0xC8 0x00 0x00,0x021C,ACK
4.0826617000,863,Data,0x20C,0x8,0x00 0xC4 0x2C 0x34 0x1E 0x07 0x00 0x00,0x3E70,ACK
4.1008437000,864,Data,0x100,0x8,0x00 0x00 0x00 0x40 0x23 0x4F 0x64 0x32,0x4018,ACK
4.1208537000,865,Data,0x100,0x8,0x00 0x00 0x00 0x40 0x23 0x4F 0x64 0x32,0x4018,ACK
4.1223979000,866,Data,0x311,0x8,0x39 0x1E 0x07 0x3F 0x90 0x01 0x00 0x00,0x66BC,ACK
4.1299582000,867,Data,0x310,0x8,0xF1 0x0E 0x78 0x05 0x1A 0x02 0x01 0xC8,0x14DD,ACK
4.1408541000,868,Data,0x100,0x8,0x00 0x00 0x00 0x40 0x23 0x4F 0x64 0x32,0x4018,ACK
4.1419184000,869,Data,0x420,0x8,0xA9 0x14 0xFA 0xFF 0x70 0x03 0x00 0x00,0x5533,ACK
4.1421567000,870,Data,0x421,0x8,0x38 0x36 0x31 0x34 0xFB 0x04 0x62 0x04,0x00AE,ACK
4.1428669000,871,Data,0x423,0x8,0xBC 0x02 0x64 0x00 0x3C 0x00 0x01 0x00,0x500B,ACK
4.1437672000,872,Data,0x425,0x8,0x01 0x64 0x48 0x58 0x58 0x58 0x01 0xFF,0x1AD8,ACK
4.1440014000,873,Data,0x429,0x8,0x20 0x00 0x00 0x00 0x00 0x00 0x00 0x00,0x7AC7,ACK
4.1447737000,874,Data,0x422,0x8,0x00 0x00 0x20 0x00 0x15 0x00 0x02 0x00,0x33F1,ACK
4.1576536000,875,Data,0x212,0x8,0x52 0x01 0x00 0xC9 0x00 0x00 0x00 0x29,0x277C,ACK
4.1579158000,876,Data,0x211,0x8,0xE4 0x00 0x29 0x00 0x00 0x00 0x00 0x00,0x2F39,ACK
4.1581760000,877,Data,0x343,0x8,0x00 0x00 0x00 0x00 0x00 0x00 0x00 0x00,0x33F5,ACK
4.1584563000,878,Data,0x401,0x8,0x00 0x00 0x34 0x00 0x05 0x2A 0x00 0x00,0x4E01,ACK
4.1608544000,879,Data,0x100,0x8,0x00 0x00 0x00 0x40 0x23 0x4F 0x64 0x32,0x4018,ACK
4.1808823000,880,Data,0x100,0x8,0x00 0x00 0x00 0x40 0x23 0x4F 0x64 0x32,0x4018,ACK
4.1811266000,881,Data,0x203,0x8,0x03 0x00 0x58 0x00 0x58 0x00 0x00 0x00,0x4AB9,ACK
4.1813728000,882,Data,0x204,0x8,0x00 0x00 0x00 0x00 0x00 0x00 0x00 0x00,0x79D1,ACK
4.1816291000,883,Data,0x205,0x8,0x00 0x00 0x00 0x00 0x00 0x00 0x00 0x00,0x72CA,ACK
4.1819313000,884,Data,0x209,0x8,0x9F 0x27 0x10 0x04 0x90 0x49 0x00 0x00,0x59C2,ACK
4.1821716000,885,Data,0x20A,0x8,0x00 0x00 0x00 0x00 0x00 0x00 0x00 0x00,0x1B53,ACK
4.1824258000,886,Data,0x20B,0x8,0xBC 0x02 0x64 0x00 0x01 0xC8 0x00 0x00,0x021C,ACK
4.1826721000,887,Data,0x20C,0x8,0x00 0xC4 0x2C 0x34 0x1E 0x07 0x00 0x00,0x3E70,ACK
4.1829223000,888,Data,0x301,0x8,0x80 0x00 0x03 0x00 0x00 0x00 0x00 0x00,0x498E,ACK
4.1831746000,889,Data,0x302,0x2,0x00 0xFF,0x6FC0,ACK
4.1833188000,890,Data,0x485,0x8,0x22 0x00 0x00 0x00 0x0C 0x02 0x48 0x0C,0x1FCE,ACK
4.2008548000,891,Data,0x100,0x8,0x00 0x00 0x00 0x40 0x23 0x4F 0x64 0x32,0x4018,ACK
4.2208548000,892,Data,0x100,0x8,0x00 0x00 0x00 0x40 0x23 0x4F 0x64 0x32,0x4018,ACK
4.2408528000,893,Data,0x100,0x8,0x00 0x00 0x00 0x40 0x23 0x4F 0x64 0x32,0x4018,ACK
4.2576786000,894,Data,0x212,0x8,0x52 0x01 0x00 0xC9 0x00 0x00 0x00 0x29,0x277C,ACK
4.2579427000,895,Data,0x211,0x8,0xE4 0x00 0x29 0x00 0x00 0x00 0x00 0x00,0x2F39,ACK
4.2581988000,896,Data,0x343,0x8,0x00 0x00 0x00 0x00 0x00 0x00 0x00 0x00,0x33F5,ACK
4.2584589000,897,Data,0x341,0x8,0x00 0x00 0x00 0x00 0x02 0x00 0x00 0x00,0x1833,ACK
4.2587591000,898,Data,0x342,0x8,0x23 0x00 0x64 0x00 0x00 0xC4 0x16 0x34,0x5886,ACK
4.2590152000,899,Data,0x344,0x8,0x00 0x00 0x00 0x03 0x00 0x00 0x00 0x00,0x6F15,ACK
4.2608532000,900,Data,0x100,0x8,0x00 0x00 0x00 0x40 0x23 0x4F 0x64 0x32,0x4018,ACK
4.2808732000,901,Data,0x100,0x8,0x00 0x00 0x00 0x40 0x23 0x4F 0x64 0x32,0x4018,ACK
4.2811195000,902,Data,0x203,0x8,0x03 0x00 0x58 0x00 0x58 0x00 0x00 0x00,0x4AB9,ACK
4.2813657000,903,Data,0x204,0x8,0x00 0x00 0x00 0x00 0x00 0x00 0x00 0x00,0x79D1,ACK
4.2816220000,904,Data,0x205,0x8,0x00 0x00 0x00 0x00 0x00 0x00 0x00 0x00,0x72CA,ACK
4.2819182000,905,Data,0x209,0x8,0x9F 0x27 0x10 0x04 0x90 0x49 0x00 0x00,0x59C2,ACK
4.2821584000,906,Data,0x20A,0x8,0x00 0x00 0x00 0x00 0x00 0x00 0x00 0x00,0x1B53,ACK
4.2824127000,907,Data,0x20B,0x8,0xBC 0x02 0x64 0x00 0x01 0xC8 0x00 0x00,0x021C,ACK
4.2826569000,908,Data,0x20C,0x8,0x00 0xC4 0x2C 0x34 0x1E 0x07 0x00 0x00,0x3E70,ACK
4.3008409000,909,Data,0x100,0x8,0x00 0x00 0x00 0x40 0x23 0x4F 0x64 0x32,0x4018,ACK
4.3208529000,910,Data,0x100,0x8,0x00 0x00 0x00 0x40 0x23 0x4F 0x64 0x32,0x4018,ACK
4.3231931000,911,Data,0x311,0x8,0x39 0x1E 0x07 0x3F 0x90 0x01 0x00 0x00,0x66BC,ACK
4.3307574000,912,Data,0x310,0x8,0xF1 0x0E 0x78 0x05 0x1A 0x02 0x01 0xC8,0x14DD,ACK
4.3408534000,913,Data,0x100,0x8,0x00 0x00 0x00 0x40 0x23 0x4F 0x64 0x32,0x4018,ACK
4.3576313000,914,Data,0x212,0x8,0x52 0x01 0x00 0xC9 0x00 0x00 0x00 0x29,0x277C,ACK
4.3579175000,915,Data,0x211,0x8,0xE4 0x00 0x29 0x00 0x00 0x00 0x00 0x00,0x2F39,ACK
4.3581738000,916,Data,0x343,0x8,0x00 0x00 0x00 0x00 0x00 0x00 0x00 0x00,0x33F5,ACK
4.3608519000,917,Data,0x100,0x8,0x00 0x00 0x00 0x40 0x23 0x4F 0x64 0x32,0x4018,ACK
4.3808938000,918,Data,0x100,0x8,0x00 0x00 0x00 0x40 0x23 0x4F 0x64 0x32,0x4018,ACK
4.3811381000,919,Data,0x203,0x8,0x03 0x00 0x58 0x00 0x58 0x00 0x00 0x00,0x4AB9,ACK
4.3813843000,920,Data,0x204,0x8,0x00 0x00 0x00 0x00 0x00 0x00 0x00 0x00,0x79D1,ACK
4.3816406000,921,Data,0x205,0x8,0x00 0x00 0x00 0x00 0x00 0x00 0x00 0x00,0x72CA,ACK
4.3819148000,922,Data,0x209,0x8,0x9F 0x27 0x10 0x04 0x90 0x49 0x00 0x00,0x59C2,ACK
4.3821551000,923,Data,0x20A,0x8,0x00 0x00 0x00 0x00 0x00 0x00 0x00 0x00,0x1B53,ACK
4.3824093000,924,Data,0x20B,0x8,0xBC 0x02 0x64 0x00 0x01 0xC8 0x00 0x00,0x021C,ACK
4.3826556000,925,Data,0x20C,0x8,0x00 0xC4 0x2C 0x34 0x1E 0x07 0x00 0x00,0x3E70,ACK
4.3829058000,926,Data,0x301,0x8,0x80 0x00 0x03 0x00 0x00 0x00 0x00 0x00,0x498E,ACK
4.3831581000,927,Data,0x302,0x2,0x00 0xFF,0x6FC0,ACK
4.3833023000,928,Data,0x485,0x8,0x22 0x00 0x00 0x00 0x0C 0x02 0x48 0x0C,0x1FCE,ACK
4.3835466000,929,Data,0x480,0x8,0x00 0x00 0x00 0x00 0x20 0x00 0x00 0x00,0x2C46,ACK
4.3838028000,930,Data,0x481,0x8,0x50 0x0A 0x40 0x08 0x00 0x00 0x00 0x00,0x46C7,ACK
4.3840510000,931,Data,0x482,0x8,0x52 0x01 0x02 0x00 0x00 0x00 0x00 0x00,0x36EA,ACK
4.3842993000,932,Data,0x483,0x8,0x31 0x4B 0x31 0x55 0x41 0x32 0x35 0x35,0x717E,ACK
4.3845335000,933,Data,0x484,0x8,0x31 0x50 0x33 0x39 0x36 0x35 0x00 0x00,0x0196,ACK
4.4008516000,934,Data,0x100,0x8,0x00 0x00 0x00 0x40 0x23 0x4F 0x64 0x32,0x4018,ACK
4.4208515000,935,Data,0x100,0x8,0x00 0x00 0x00 0x40 0x23 0x4F 0x64 0x32,0x4018,ACK
4.4408515000,936,Data,0x100,0x8,0x00 0x00 0x00 0x40 0x23 0x4F 0x64 0x32,0x4018,ACK
4.4576433000,937,Data,0x212,0x8,0x52 0x01 0x00 0xC9 0x00 0x00 0x00 0x29,0x277C,ACK
4.4579016000,938,Data,0x211,0x8,0xE4 0x00 0x29 0x00 0x00 0x00 0x00 0x00,0x2F39,ACK
4.4581638000,939,Data,0x343,0x8,0x00 0x00 0x00 0x00 0x00 0x00 0x00 0x00,0x33F5,ACK
4.4584201000,940,Data,0x341,0x8,0x00 0x00 0x00 0x00 0x02 0x00 0x00 0x00,0x1833,ACK
4.4586943000,941,Data,0x342,0x8,0x23 0x00 0x64 0x00 0x00 0xC4 0x16 0x34,0x5886,ACK
4.4589566000,942,Data,0x344,0x8,0x00 0x00 0x00 0x03 0x00 0x00 0x00 0x00,0x6F15,ACK
4.4608386000,943,Data,0x100,0x8,0x00 0x00 0x00 0x40 0x23 0x4F 0x64 0x32,0x4018,ACK
4.4808706000,944,Data,0x100,0x8,0x00 0x00 0x00 0x40 0x23 0x4F 0x64 0x32,0x4018,ACK
4.4811168000,945,Data,0x203,0x8,0x03 0x00 0x58 0x00 0x58 0x00 0x00 0x00,0x4AB9,ACK
4.4813631000,946,Data,0x204,0x8,0x00 0x00 0x00 0x00 0x00 0x00 0x00 0x00,0x79D1,ACK
4.4816193000,947,Data,0x205,0x8,0x00 0x00 0x00 0x00 0x00 0x00 0x00 0x00,0x72CA,ACK
4.4819256000,948,Data,0x209,0x8,0x9F 0x27 0x10 0x04 0x90 0x49 0x00 0x00,0x59C2,ACK
4.4821678000,949,Data,0x20A,0x8,0x00 0x00 0x00 0x00 0x00 0x00 0x00 0x00,0x1B53,ACK
4.4824221000,950,Data,0x20B,0x8,0xBC 0x02 0x64 0x00 0x01 0xC8 0x00 0x00,0x021C,ACK
4.4826683000,951,Data,0x20C,0x8,0x00 0xC4 0x2C 0x34 0x1E 0x07 0x00 0x00,0x3E70,ACK
4.5008503000,952,Data,0x100,0x8,0x00 0x00 0x00 0x40 0x23 0x4F 0x64 0x32,0x4018,ACK
4.5208483000,953,Data,0x100,0x8,0x00 0x00 0x00 0x40 0x23 0x4F 0x64 0x32,0x4018,ACK
4.5234924000,954,Data,0x311,0x8,0x39 0x1E 0x07 0x3F 0x90 0x01 0x00 0x00,0x66BC,ACK
4.5310446000,955,Data,0x310,0x8,0xF1 0x0E 0x78 0x05 0x1A 0x02 0x01 0xC8,0x14DD,ACK
4.5408506000,956,Data,0x100,0x8,0x00 0x00 0x00 0x40 0x23 0x4F 0x64 0x32,0x4018,ACK
4.5576305000,957,Data,0x212,0x8,0x52 0x01 0x00 0xC9 0x00 0x00 0x00 0x29,0x277C,ACK
4.5578948000,958,Data,0x211,0x8,0xE4 0x00 0x29 0x00 0x00 0x00 0x00 0x00,0x2F39,ACK
4.5581770000,959,Data,0x343,0x8,0x00 0x00 0x00 0x00 0x00 0x00 0x00 0x00,0x33F5,ACK
4.5608491000,960,Data,0x100,0x8,0x00 0x00 0x00 0x40 0x23 0x4F 0x64 0x32,0x4018,ACK
4.5808750000,961,Data,0x100,0x8,0x00 0x00 0x00 0x40 0x23 0x4F 0x64 0x32,0x4018,ACK
4.5811192000,962,Data,0x203,0x8,0x03 0x00 0x58 0x00 0x58 0x00 0x00 0x00,0x4AB9,ACK
4.5813675000,963,Data,0x204,0x8,0x00 0x00 0x00 0x00 0x00 0x00 0x00 0x00,0x79D1,ACK
4.5816237000,964,Data,0x205,0x8,0x00 0x00 0x00 0x00 0x00 0x00 0x00 0x00,0x72CA,ACK
4.5819260000,965,Data,0x209,0x8,0x9F 0x27 0x10 0x04 0x90 0x49 0x00 0x00,0x59C2,ACK
4.5821662000,966,Data,0x20A,0x8,0x00 0x00 0x00 0x00 0x00 0x00 0x00 0x00,0x1B53,ACK
4.5824204000,967,Data,0x20B,0x8,0xBC 0x02 0x64 0x00 0x01 0xC8 0x00 0x00,0x021C,ACK
4.5826647000,968,Data,0x20C,0x8,0x00 0xC4 0x2C 0x34 0x1E 0x07 0x00 0x00,0x3E70,ACK
4.5829129000,969,Data,0x301,0x8,0x80 0x00 0x03 0x00 0x00 0x00 0x00 0x00,0x498E,ACK
4.5831672000,970,Data,0x302,0x2,0x00 0xFF,0x6FC0,ACK
4.5833114000,971,Data,0x485,0x8,0x22 0x00 0x00 0x00 0x0C 0x02 0x48 0x0C,0x1FCE,ACK
4.6008474000,972,Data,0x100,0x8,0x00 0x00 0x00 0x40 0x23 0x4F 0x64 0x32,0x4018,ACK
4.6208494000,973,Data,0x100,0x8,0x00 0x00 0x00 0x40 0x23 0x4F 0x64 0x32,0x4018,ACK
4.6408473000,974,Data,0x100,0x8,0x00 0x00 0x00 0x40 0x23 0x4F 0x64 0x32,0x4018,ACK
4.6427555000,975,Data,0x500,0x8,0x47 0x48 0x48 0xFF 0x48 0x48 0x48 0xFF,0x281A,ACK
4.6429938000,976,Data,0x423,0x8,0xBC 0x02 0x64 0x00 0x3C 0x00 0x01 0x00,0x500B,ACK
4.6437440000,977,Data,0x424,0x8,0x6F 0x31 0x4D 0x69 0x00 0x00 0x00 0x00,0x4832,ACK
4.6439823000,978,Data,0x425,0x8,0x01 0x64 0x48 0x58 0x58 0x58 0x01 0xFF,0x1AD8,ACK
4.6442165000,979,Data,0x429,0x8,0x20 0x00 0x00 0x00 0x00 0x00 0x00 0x00,0x7AC7,ACK
4.6444648000,980,Data,0x420,0x8,0xA9 0x14 0xFA 0xFF 0x70 0x03 0x00 0x00,0x5533,ACK
4.6447030000,981,Data,0x421,0x8,0x38 0x36 0x31 0x34 0xFB 0x04 0x62 0x04,0x00AE,ACK
4.6450133000,982,Data,0x422,0x8,0x00 0x00 0x20 0x00 0x15 0x00 0x02 0x00,0x33F1,ACK
4.6576572000,983,Data,0x212,0x8,0x52 0x01 0x00 0xC9 0x00 0x00 0x00 0x29,0x277C,ACK
4.6579214000,984,Data,0x211,0x8,0xE4 0x00 0x29 0x00 0x00 0x00 0x00 0x00,0x2F39,ACK
4.6581777000,985,Data,0x343,0x8,0x00 0x00 0x00 0x00 0x00 0x00 0x00 0x00,0x33F5,ACK
4.6584599000,986,Data,0x341,0x8,0x00 0x00 0x00 0x00 0x02 0x00 0x00 0x00,0x1833,ACK
4.6587382000,987,Data,0x342,0x8,0x23 0x00 0x64 0x00 0x00 0xC4 0x16 0x34,0x5886,ACK
4.6589964000,988,Data,0x344,0x8,0x00 0x00 0x00 0x03 0x00 0x00 0x00 0x00,0x6F15,ACK
4.6592787000,989,Data,0x401,0x8,0x00 0x00 0x34 0x00 0x05 0x2A 0x00 0x00,0x4E01,ACK
4.6608487000,990,Data,0x100,0x8,0x00 0x00 0x00 0x40 0x23 0x4F 0x64 0x32,0x4018,ACK
4.6808666000,991,Data,0x100,0x8,0x00 0x00 0x00 0x40 0x23 0x4F 0x64 0x32,0x4018,ACK
4.6811108000,992,Data,0x203,0x8,0x03 0x00 0x58 0x00 0x58 0x00 0x00 0x00,0x4AB9,ACK
4.6813591000,993,Data,0x204,0x8,0x00 0x00 0x00 0x00 0x00 0x00 0x00 0x00,0x79D1,ACK
4.6816153000,994,Data,0x205,0x8,0x00 0x00 0x00 0x00 0x00 0x00 0x00 0x00,0x72CA,ACK
4.6819136000,995,Data,0x209,0x8,0x9F 0x27 0x10 0x04 0x90 0x49 0x00 0x00,0x59C2,ACK
4.6821558000,996,Data,0x20A,0x8,0x00 0x00 0x00 0x00 0x00 0x00 0x00 0x00,0x1B53,ACK
4.6824121000,997,Data,0x20B,0x8,0xBC 0x02 0x64 0x00 0x01 0xC8 0x00 0x00,0x021C,ACK
4.6826563000,998,Data,0x20C,0x8,0x00 0xC4 0x2C 0x34 0x1E 0x07 0x00 0x00,0x3E70,ACK
4.7008483000,999,Data,0x100,0x8,0x00 0x00 0x00 0x40 0x23 0x4F 0x64 0x32,0x4018,ACK
4.7208483000,1000,Data,0x100,0x8,0x00 0x00 0x00 0x40 0x23 0x4F 0x64 0x32,0x4018,ACK
4.7248524000,1001,Data,0x311,0x8,0x39 0x1E 0x07 0x3F 0x90 0x01 0x00 0x00,0x66BC,ACK
4.7303206000,1002,Data,0x310,0x8,0xF1 0x0E 0x78 0x05 0x1A 0x02 0x01 0xC8,0x14DD,ACK
4.7408466000,1003,Data,0x100,0x8,0x00 0x00 0x00 0x40 0x23 0x4F 0x64 0x32,0x4018,ACK
4.7576245000,1004,Data,0x212,0x8,0x52 0x01 0x00 0xC9 0x00 0x00 0x00 0x29,0x277C,ACK
4.7578847000,1005,Data,0x211,0x8,0xE4 0x00 0x29 0x00 0x00 0x00 0x00 0x00,0x2F39,ACK
4.7581450000,1006,Data,0x343,0x8,0x00 0x00 0x00 0x00 0x00 0x00 0x00 0x00,0x33F5,ACK
4.7608471000,1007,Data,0x100,0x8,0x00 0x00 0x00 0x40 0x23 0x4F 0x64 0x32,0x4018,ACK
4.7808731000,1008,Data,0x100,0x8,0x00 0x00 0x00 0x40 0x23 0x4F 0x64 0x32,0x4018,ACK
4.7811193000,1009,Data,0x203,0x8,0x03 0x00 0x58 0x00 0x58 0x00 0x00 0x00,0x4AB9,ACK
4.7813676000,1010,Data,0x204,0x8,0x00 0x00 0x00 0x00 0x00 0x00 0x00 0x00,0x79D1,ACK
4.7816238000,1011,Data,0x205,0x8,0x00 0x00 0x00 0x00 0x00 0x00 0x00 0x00,0x72CA,ACK
4.7819241000,1012,Data,0x209,0x8,0x9F 0x27 0x10 0x04 0x90 0x49 0x00 0x00,0x59C2,ACK
4.7821643000,1013,Data,0x20A,0x8,0x00 0x00 0x00 0x00 0x00 0x00 0x00 0x00,0x1B53,ACK
4.7824206000,1014,Data,0x20B,0x8,0xBC 0x02 0x64 0x00 0x01 0xC8 0x00 0x00,0x021C,ACK
4.7826648000,1015,Data,0x20C,0x8,0x00 0xC4 0x2C 0x34 0x1E 0x07 0x00 0x00,0x3E70,ACK
4.7829131000,1016,Data,0x301,0x8,0x80 0x00 0x03 0x00 0x00 0x00 0x00 0x00,0x498E,ACK
4.7831673000,1017,Data,0x302,0x2,0x00 0xFF,0x6FC0,ACK
4.7833116000,1018,Data,0x485,0x8,0x22 0x00 0x00 0x00 0x0C 0x02 0x48 0x0C,0x1FCE,ACK
4.8008456000,1019,Data,0x100,0x8,0x00 0x00 0x00 0x40 0x23 0x4F 0x64 0x32,0x4018,ACK
4.8208454000,1020,Data,0x100,0x8,0x00 0x00 0x00 0x40 0x23 0x4F 0x64 0x32,0x4018,ACK
4.8408454000,1021,Data,0x100,0x8,0x00 0x00 0x00 0x40 0x23 0x4F 0x64 0x32,0x4018,ACK
4.8576693000,1022,Data,0x212,0x8,0x52 0x01 0x00 0xC9 0x00 0x00 0x00 0x29,0x277C,ACK
4.8579276000,1023,Data,0x211,0x8,0xE4 0x00 0x29 0x00 0x00 0x00 0x00 0x00,0x2F39,ACK
4.8581878000,1024,Data,0x343,0x8,0x00 0x00 0x00 0x00 0x00 0x00 0x00 0x00,0x33F5,ACK
4.8584441000,1025,Data,0x341,0x8,0x00 0x00 0x00 0x00 0x02 0x00 0x00 0x00,0x1833,ACK
4.8587443000,1026,Data,0x342,0x8,0x23 0x00 0x64 0x00 0x00 0xC4 0x16 0x34,0x5886,ACK
4.8590045000,1027,Data,0x344,0x8,0x00 0x00 0x00 0x03 0x00 0x00 0x00 0x00,0x6F15,ACK
4.8608446000,1028,Data,0x100,0x8,0x00 0x00 0x00 0x40 0x23 0x4F 0x64 0x32,0x4018,ACK
4.8808646000,1029,Data,0x100,0x8,0x00 0x00 0x00 0x40 0x23 0x4F 0x64 0x32,0x4018,ACK
4.8811088000,1030,Data,0x203,0x8,0x03 0x00 0x58 0x00 0x58 0x00 0x00 0x00,0x4AB9,ACK
4.8813551000,1031,Data,0x204,0x8,0x00 0x00 0x00 0x00 0x00 0x00 0x00 0x00,0x79D1,ACK
4.8816113000,1032,Data,0x205,0x8,0x00 0x00 0x00 0x00 0x00 0x00 0x00 0x00,0x72CA,ACK
4.8819096000,1033,Data,0x209,0x8,0x9F 0x27 0x10 0x04 0x90 0x49 0x00 0x00,0x59C2,ACK
4.8821498000,1034,Data,0x20A,0x8,0x00 0x00 0x00 0x00 0x00 0x00 0x00 0x00,0x1B53,ACK
4.8824061000,1035,Data,0x20B,0x8,0xBC 0x02 0x64 0x00 0x01 0xC8 0x00 0x00,0x021C,ACK
4.8826503000,1036,Data,0x20C,0x8,0x00 0xC4 0x2C 0x34 0x1E 0x07 0x00 0x00,0x3E70,ACK
4.9008443000,1037,Data,0x100,0x8,0x00 0x00 0x00 0x40 0x23 0x4F 0x64 0x32,0x4018,ACK
4.9208443000,1038,Data,0x100,0x8,0x00 0x00 0x00 0x40 0x23 0x4F 0x64 0x32,0x4018,ACK
4.9245824000,1039,Data,0x311,0x8,0x39 0x1E 0x07 0x3F 0x90 0x01 0x00 0x00,0x66BC,ACK
4.9321286000,1040,Data,0x310,0x8,0xF1 0x0E 0x78 0x05 0x1A 0x02 0x01 0xC8,0x14DD,ACK
4.9408426000,1041,Data,0x100,0x8,0x00 0x00 0x00 0x40 0x23 0x4F 0x64 0x32,0x4018,ACK
4.9576125000,1042,Data,0x212,0x8,0x52 0x01 0x00 0xC9 0x00 0x00 0x00 0x29,0x277C,ACK
4.9578987000,1043,Data,0x211,0x8,0xE4 0x00 0x29 0x00 0x00 0x00 0x00 0x00,0x2F39,ACK
4.9581550000,1044,Data,0x343,0x8,0x00 0x00 0x00 0x00 0x00 0x00 0x00 0x00,0x33F5,ACK
4.9608431000,1045,Data,0x100,0x8,0x00 0x00 0x00 0x40 0x23 0x4F 0x64 0x32,0x4018,ACK
4.9808711000,1046,Data,0x100,0x8,0x00 0x00 0x00 0x40 0x23 0x4F 0x64 0x32,0x4018,ACK
4.9811152000,1047,Data,0x203,0x8,0x03 0x00 0x58 0x00 0x58 0x00 0x00 0x00,0x4AB9,ACK
4.9813613000,1048,Data,0x204,0x8,0x00 0x00 0x00 0x00 0x00 0x00 0x00 0x00,0x79D1,ACK
4.9816175000,1049,Data,0x205,0x8,0x00 0x00 0x00 0x00 0x00 0x00 0x00 0x00,0x72CA,ACK
4.9819076000,1050,Data,0x209,0x8,0x9F 0x27 0x10 0x04 0x90 0x49 0x00 0x00,0x59C2,ACK
4.9821477000,1051,Data,0x20A,0x8,0x00 0x00 0x00 0x00 0x00 0x00 0x00 0x00,0x1B53,ACK
4.9824018000,1052,Data,0x20B,0x8,0xBC 0x02 0x64 0x00 0x01 0xC8 0x00 0x00,0x021C,ACK
4.9826480000,1053,Data,0x20C,0x8,0x00 0xC4 0x2C 0x34 0x1E 0x07 0x00 0x00,0x3E70,ACK
4.9828961000,1054,Data,0x301,0x8,0x80 0x00 0x03 0x00 0x00 0x00 0x00 0x00,0x498E,ACK
4.9831482000,1055,Data,0x302,0x2,0x00 0xFF,0x6FC0,ACK
4.9832923000,1056,Data,0x485,0x8,0x22 0x00 0x00 0x00 0x0C 0x02 0x48 0x0C,0x1FCE,ACK